,Team,Att,Cmp,Cmp_%,Yds/Att,Pass_Yds,TD,INT,Rate,1st,1st%,20+,40+,Lng,Sck,SckY,Years
0,Redskins,561,343,61.1,6.9,3892,18,21,77,185,33,43,10,77,32,244,2000
1,Buccaneers,433,237,54.7,6.5,2824,18,13,76.2,144,33.3,38,5,75,38,241,2000
2,Seahawks,507,308,60.7,6.3,3198,21,21,75.5,168,33.1,26,7,71,46,238,2000
3,49ers,583,366,62.8,7.5,4400,32,10,97,211,36.2,61,9,69,25,161,2000
4,Chargers,578,311,53.8,6.1,3540,19,30,61.8,156,27,41,9,83,53,302,2000
5,Steelers,439,217,49.4,6.2,2738,12,10,68.9,128,29.2,37,3,77,43,220,2000
6,Cardinals,554,316,57,6.3,3478,16,24,67.4,156,28.2,41,11,70,35,228,2000
7,Eagles,575,331,57.6,5.9,3386,21,15,75.9,182,31.7,46,5,70,45,262,2000
8,Jets,637,352,55.3,6.3,4023,23,29,67.5,192,30.1,50,8,63,20,99,2000
9,Giants,529,311,58.8,6.8,3610,22,13,83.1,195,36.9,46,7,59,28,243,2000
10,Saints,497,298,60,7.2,3573,22,15,84.2,169,34,42,8,53,39,244,2000
11,Patriots,565,328,58.1,6.1,3461,18,15,75.5,172,30.4,35,5,59,48,280,2000
12,Vikings,495,307,62,8.1,4019,33,18,94.7,193,39,57,13,78,35,187,2000
13,Dolphins,421,243,57.7,6.5,2720,15,17,72.2,122,29,32,8,61,28,153,2000
14,Raiders,475,284,59.8,7.2,3430,28,11,92,177,37.3,42,8,84,28,124,2000
15,Rams,587,380,64.7,9.4,5492,37,23,99.7,247,42.1,79,21,85,44,260,2000
16,Chiefs,582,342,58.8,7.6,4408,29,15,88.5,207,35.6,59,8,81,34,259,2000
17,Jaguars,545,333,61.1,7.2,3947,22,15,85.2,193,35.4,42,11,67,54,289,2000
18,Colts,571,357,62.5,7.7,4413,33,15,94.7,213,37.3,51,8,78,20,131,2000
19,Titans,462,286,61.9,7.4,3430,18,16,83.2,167,36.1,41,6,67,27,164,2000
20,Packers,600,348,58,6.5,3916,21,16,78.2,197,32.8,43,7,67,34,238,2000
21,Lions,503,277,55.1,5.9,2992,14,19,66.3,143,28.4,35,4,59,53,317,2000
22,Broncos,569,354,62.2,7.8,4464,28,12,94.2,223,39.2,65,10,61,30,221,2000
23,Cowboys,445,255,57.3,6.2,2771,14,21,66.6,128,28.8,33,6,76,35,249,2000
24,Browns,483,278,57.6,5.6,2728,9,19,63.4,110,22.8,25,3,79,40,283,2000
25,Bengals,454,207,45.6,4.9,2219,6,14,52,109,24,26,1,46,52,273,2000
26,Bears,542,304,56.1,5.5,3005,12,16,67,143,26.4,29,6,68,34,200,2000
27,Panthers,566,340,60.1,6.8,3850,19,19,77.7,201,35.5,47,2,54,69,382,2000
28,Bills,546,312,57.1,7.2,3936,20,10,84.3,174,31.9,59,9,74,59,360,2000
29,Ravens,504,287,56.9,6.2,3102,20,19,72.7,156,31,37,8,59,43,287,2000
30,Redskins,432,235,54.4,6.3,2716,13,13,71.1,122,28.2,31,6,85,38,229,2001
31,Buccaneers,592,362,61.1,6.1,3621,13,12,77.4,189,31.9,36,2,47,47,298,2001
32,Seahawks,462,258,55.8,6.8,3164,15,12,77.2,140,30.3,45,12,64,49,328,2001
33,49ers,506,318,62.8,7,3559,32,12,95,184,36.4,41,10,61,26,114,2001
34,Chargers,548,309,56.4,6.7,3685,16,18,73.1,177,32.3,47,5,78,27,180,2001
35,Steelers,454,274,60.4,7.3,3295,16,12,83.4,150,33,49,8,90,31,182,2001
36,Cardinals,526,304,57.8,6.9,3653,18,14,79.5,177,33.7,52,11,68,29,204,2001
37,Eagles,522,300,57.5,6.6,3427,27,14,83.4,146,28,46,9,64,40,282,2001
38,Jets,464,272,58.6,6.2,2871,17,14,76.4,151,32.5,39,1,40,19,130,2001
39,Giants,568,327,57.6,6.6,3764,19,16,77.1,189,33.3,52,7,76,36,206,2001
40,Saints,562,313,55.7,6.8,3844,27,22,76.7,184,32.7,55,13,63,50,330,2001
41,Patriots,482,306,63.5,6.9,3326,21,15,85.3,163,33.8,38,8,91,46,237,2001
42,Vikings,555,335,60.4,6.9,3854,23,23,77.9,179,32.3,46,10,80,47,278,2001
43,Dolphins,453,275,60.7,7.4,3335,20,19,80.6,154,34,42,7,74,27,178,2001
44,Raiders,553,364,65.8,7,3862,27,9,95.5,195,35.3,45,5,49,27,155,2001
45,Rams,551,379,68.8,8.9,4903,37,22,102.2,236,42.8,82,12,65,40,240,2001
46,Chiefs,528,300,56.8,7.3,3863,17,24,71.7,178,33.7,53,13,67,39,198,2001
47,Jaguars,534,321,60.1,6.9,3670,20,14,82.4,181,33.9,43,3,45,63,430,2001
48,Colts,557,349,62.7,7.6,4227,27,23,84.9,206,37,57,11,86,30,238,2001
49,Titans,515,307,59.6,7.5,3867,23,17,84.2,179,34.8,55,10,71,43,309,2001
50,Packers,510,314,61.6,7.7,3921,32,15,94.1,187,36.7,53,13,67,22,151,2001
51,Lions,609,343,56.3,6.5,3969,18,24,69.6,184,30.2,52,6,76,66,373,2001
52,Broncos,511,312,61.1,6.3,3208,26,19,80.6,174,34.1,30,2,65,42,268,2001
53,Cowboys,413,210,50.8,5.8,2408,14,20,59.9,110,26.6,32,8,80,34,190,2001
54,Browns,466,279,59.9,6.8,3154,18,21,74.3,139,29.8,42,7,78,51,353,2001
55,Bengals,602,322,53.5,5.5,3291,12,26,58.1,176,29.2,32,2,49,28,203,2001
56,Bears,528,315,59.7,5.8,3072,20,16,76,153,29,35,7,66,17,120,2001
57,Panthers,579,314,54.2,5.4,3098,12,22,60.6,144,24.9,32,4,48,32,216,2001
58,Bills,557,327,58.7,6.7,3722,18,20,74.7,180,32.3,48,10,80,46,271,2001
59,Ravens,557,320,57.5,6.5,3595,18,20,72.7,180,32.3,43,6,77,40,281,2001
60,Redskins,559,300,53.7,6.3,3523,24,20,72.5,165,29.5,36,7,62,38,269,2002
61,Buccaneers,567,348,61.4,6.5,3665,23,10,86.3,172,30.3,37,6,76,41,220,2002
62,Seahawks,587,361,61.5,7.3,4257,19,16,83,208,35.4,45,8,83,33,179,2002
63,49ers,571,354,62,6.3,3576,23,10,86,182,31.9,32,7,76,22,119,2002
64,Chargers,538,324,60.2,6.3,3368,17,16,76.5,166,30.9,42,5,52,24,180,2002
65,Steelers,551,350,63.5,7.3,4036,26,22,84.6,200,36.3,51,8,72,34,204,2002
66,Cardinals,548,291,53.1,5.5,3038,18,22,63.7,148,27,30,3,80,41,298,2002
67,Eagles,548,318,58,6.6,3606,27,11,85.9,164,29.9,49,7,59,36,222,2002
68,Jets,485,329,67.8,7.5,3619,25,10,98.3,190,39.2,44,3,47,32,201,2002
69,Giants,549,338,61.6,7.5,4103,19,14,85.4,195,35.5,61,4,82,24,152,2002
70,Saints,538,291,54.1,6.8,3685,27,15,80.8,169,31.4,48,13,64,37,244,2002
71,Patriots,605,374,61.8,6.2,3767,28,14,85.3,184,30.4,37,3,49,31,190,2002
72,Vikings,558,337,60.4,7.1,3951,19,23,76.1,191,34.2,50,10,61,49,266,2002
73,Dolphins,455,271,59.6,6.7,3069,18,15,79.3,155,34.1,38,5,77,25,179,2002
74,Raiders,619,418,67.5,7.6,4689,26,10,97.2,226,36.5,48,8,75,36,214,2002
75,Rams,635,408,64.3,7.1,4480,24,27,79.9,219,34.5,56,7,58,46,326,2002
76,Chiefs,477,292,61.2,7.9,3763,27,13,93.5,179,37.5,47,13,99,26,141,2002
77,Jaguars,462,268,58,6.5,3019,18,9,82.5,156,33.8,30,6,79,42,257,2002
78,Colts,591,392,66.3,7.1,4200,27,19,88.8,213,36,51,11,69,23,145,2002
79,Texans,447,235,52.6,5.9,2636,11,15,64.7,119,26.6,32,5,81,76,411,2002
80,Titans,500,306,61.2,6.9,3441,22,15,83.9,182,36.4,35,6,55,21,121,2002
81,Packers,580,361,62.2,6.6,3823,29,16,86.6,197,34,42,7,85,27,196,2002
82,Lions,577,277,48,5.5,3168,19,25,57.9,150,26,40,10,64,20,174,2002
83,Broncos,554,359,64.8,7.5,4139,21,20,84.8,199,35.9,43,10,82,46,315,2002
84,Cowboys,471,252,53.5,6.4,3020,14,16,69.1,129,27.4,34,10,80,54,399,2002
85,Browns,552,338,61.2,6.6,3665,27,22,80.5,171,31,47,10,78,35,253,2002
86,Bengals,591,350,59.2,6.3,3732,17,22,71.8,186,31.5,32,5,72,37,256,2002
87,Bears,543,310,57.1,6.1,3316,22,18,74.8,156,28.7,49,7,76,44,265,2002
88,Panthers,464,255,55,6.4,2981,15,22,65.7,133,28.7,51,6,69,44,287,2002
89,Bills,612,377,61.6,7.1,4364,24,15,86,218,35.6,45,13,73,54,369,2002
90,Redskins,527,283,53.7,6.2,3273,21,16,73.3,156,29.6,45,4,64,43,267,2003
91,Buccaneers,592,369,62.3,6.7,3941,27,22,81.5,190,32.1,38,9,76,23,136,2003
92,Seahawks,521,317,60.8,7.4,3872,27,16,88.2,190,36.5,54,5,80,43,254,2003
93,49ers,511,299,58.5,7,3566,25,15,84,172,33.7,46,7,75,28,158,2003
94,Chargers,525,297,56.6,6.1,3226,21,19,73.1,146,27.8,45,6,73,29,205,2003
95,Steelers,532,306,57.5,6.7,3548,19,17,76.4,174,32.7,46,5,81,42,244,2003
96,Cardinals,534,303,56.7,6.1,3265,18,22,68.9,147,27.5,38,8,71,44,306,2003
97,Eagles,484,279,57.6,6.8,3273,17,11,80.5,156,32.2,45,9,59,43,253,2003
98,Jets,496,312,62.9,7.1,3524,20,14,85.8,181,36.5,44,8,65,31,208,2003
99,Giants,616,344,55.8,5.9,3642,16,20,68.4,184,29.9,35,8,77,44,259,2003
100,Saints,535,314,58.7,6.8,3641,25,8,88.7,177,33.1,36,7,76,36,203,2003
101,Patriots,537,320,59.6,6.8,3651,23,13,84.3,177,33,44,8,82,32,219,2003
102,Vikings,520,333,64,8,4169,32,13,99,194,37.3,52,15,72,42,218,2003
103,Dolphins,450,257,57.1,6.7,3001,17,19,72.5,145,32.2,43,5,80,31,209,2003
104,Raiders,521,278,53.4,5.7,2988,9,14,65,140,26.9,38,2,47,43,237,2003
105,Rams,600,377,62.8,7.1,4287,23,23,81,211,35.2,64,6,48,43,326,2003
106,Chiefs,536,339,63.2,7.7,4113,24,12,92.4,201,37.5,55,8,67,21,132,2003
107,Jaguars,515,303,58.8,6.6,3421,17,17,76,163,31.7,40,8,84,28,136,2003
108,Colts,569,381,67,7.5,4289,29,10,99,212,37.3,45,9,79,19,110,2003
109,Texans,439,248,56.5,6.5,2841,14,18,69.7,127,28.9,32,7,78,36,186,2003
110,Titans,502,315,62.7,8,4031,30,9,100.3,211,42,55,12,73,25,153,2003
111,Packers,473,310,65.5,7.1,3377,32,21,90.5,166,35.1,42,7,66,19,137,2003
112,Lions,588,319,54.3,5.1,2988,17,24,61.1,152,25.9,26,3,72,11,64,2003
113,Broncos,479,280,58.5,6.5,3126,19,18,75.6,162,33.8,35,6,72,25,157,2003
114,Cowboys,510,294,57.6,6.6,3347,17,21,71.4,149,29.2,49,7,64,37,185,2003
115,Browns,509,313,61.5,6.1,3116,17,18,75.2,153,30.1,25,6,71,40,282,2003
116,Bengals,520,324,62.3,6.9,3591,26,15,87.4,181,34.8,37,11,82,37,249,2003
117,Bears,515,271,52.6,5.6,2905,12,20,61,143,27.8,37,5,61,43,288,2003
118,Panthers,460,270,58.7,7,3238,19,16,79.6,146,31.7,46,9,67,26,188,2003
119,Bills,502,293,58.4,6.1,3069,11,17,69.4,150,29.9,31,2,54,51,385,2003
120,Redskins,514,288,56,5.6,2874,18,17,70,156,30.4,27,5,51,38,242,2004
121,Buccaneers,512,340,66.4,7.4,3773,24,18,89.1,175,34.2,50,10,75,44,299,2004
122,Seahawks,532,304,57.1,7,3715,23,18,79.1,189,35.5,47,4,60,34,176,2004
123,49ers,561,325,57.9,6.2,3455,16,21,69.9,172,30.7,28,3,65,52,319,2004
124,Chargers,450,288,64,7.8,3506,29,8,102,160,35.6,45,9,79,21,149,2004
125,Steelers,358,228,63.7,8.3,2970,20,13,93.2,147,41.1,47,7,58,36,250,2004
126,Cardinals,533,299,56.1,6,3202,14,18,68.5,152,28.5,38,4,48,39,320,2004
127,Eagles,547,336,61.4,7.7,4208,32,11,96.4,188,34.4,56,20,80,37,229,2004
128,Jets,438,282,64.4,7.4,3231,19,11,90.5,163,37.2,38,9,69,31,181,2004
129,Giants,475,269,56.6,6.5,3097,12,13,73.5,143,30.1,35,10,62,52,279,2004
130,Saints,542,309,57,7,3810,21,16,79.5,177,32.7,57,5,57,41,223,2004
131,Patriots,485,293,60.4,7.7,3750,29,14,92.5,193,39.8,53,10,50,26,162,2004
132,Vikings,552,380,68.8,8.6,4754,39,12,109.8,225,40.8,64,18,82,46,238,2004
133,Dolphins,586,309,52.7,5.8,3391,19,26,62.5,165,28.2,38,5,76,52,326,2004
134,Raiders,582,330,56.7,6.9,4019,24,22,76.1,176,30.2,55,11,63,30,161,2004
135,Rams,580,372,64.1,8,4615,23,22,86.1,203,35,67,8,75,50,362,2004
136,Chiefs,561,370,66,8.3,4633,27,17,94.9,228,40.6,60,10,70,32,227,2004
137,Jaguars,513,305,59.5,6.5,3315,17,11,80.7,161,31.4,35,7,65,32,156,2004
138,Colts,527,353,67,9,4732,51,10,119.7,238,45.2,69,14,80,14,109,2004
139,Texans,471,286,60.7,7.5,3547,16,14,83,174,36.9,47,6,69,49,301,2004
140,Titans,589,356,60.4,6.7,3933,27,19,82.1,200,34,46,5,48,44,317,2004
141,Packers,598,382,63.9,7.6,4550,36,19,93.8,228,38.1,58,13,79,14,101,2004
142,Lions,505,285,56.4,6.2,3124,19,13,76.7,142,28.1,43,4,62,37,208,2004
143,Broncos,521,303,58.2,7.8,4089,27,20,84.5,184,35.3,55,9,85,15,90,2004
144,Cowboys,519,308,59.3,7,3636,19,23,74.5,171,32.9,48,4,53,36,208,2004
145,Browns,439,251,57.2,7,3076,21,21,74.9,125,28.5,36,14,99,41,252,2004
146,Bengals,536,324,60.4,6.6,3520,23,22,77,172,32.1,42,8,76,31,219,2004
147,Bears,471,249,52.9,5.6,2641,9,16,61.7,121,25.7,33,5,63,66,449,2004
148,Panthers,536,311,58,7.3,3889,29,15,87,192,35.8,60,8,63,33,246,2004
149,Bills,461,262,56.8,6.6,3032,21,17,76.7,149,32.3,33,9,69,38,215,2004
150,Redskins,481,278,57.8,7,3346,25,11,87,166,34.5,40,11,78,31,240,2005
151,Buccaneers,487,303,62.2,6.5,3171,17,14,80.7,161,33.1,34,6,80,41,281,2005
152,Seahawks,474,307,64.8,7.7,3632,25,10,96.8,192,40.5,44,8,56,27,174,2005
153,49ers,389,204,52.4,5.6,2190,8,21,53.6,96,24.7,27,4,89,48,292,2005
154,Chargers,526,338,64.3,7.1,3738,27,16,89.7,191,36.3,48,4,54,31,243,2005
155,Steelers,379,228,60.2,8.2,3104,21,14,89.4,144,38,44,14,85,32,178,2005
156,Cardinals,670,419,62.5,7,4723,21,21,81,224,33.4,63,12,63,45,286,2005
157,Eagles,620,337,54.4,6.3,3903,21,20,71.5,182,29.4,49,8,91,42,226,2005
158,Jets,470,268,57,6.4,2989,11,15,70.6,146,31.1,34,5,60,53,347,2005
159,Giants,558,294,52.7,6.7,3762,24,17,75.7,172,30.8,49,8,78,28,184,2005
160,Saints,553,308,55.7,6.5,3604,15,24,66.6,182,32.9,47,5,66,41,261,2005
161,Patriots,564,352,62.4,7.7,4322,28,15,91.5,204,36.2,62,9,71,28,202,2005
162,Vikings,510,323,63.3,6.8,3449,18,16,81.7,169,33.1,31,8,80,54,303,2005
163,Dolphins,556,291,52.3,6.2,3458,22,16,72.8,159,28.6,44,11,77,26,158,2005
164,Raiders,591,316,53.5,6.6,3883,21,14,76,189,32,50,6,79,45,301,2005
165,Rams,599,392,65.4,7.3,4351,23,24,83,209,34.9,41,8,83,46,315,2005
166,Chiefs,507,317,62.5,7.9,4014,17,10,90.1,182,35.9,51,11,60,32,204,2005
167,Jaguars,487,283,58.1,6.9,3352,21,6,88.4,170,34.9,43,5,45,32,162,2005
168,Colts,515,347,67.4,8.1,4191,31,11,103.3,217,42.1,49,7,80,20,95,2005
169,Texans,449,270,60.1,5.9,2661,15,13,76,142,31.6,21,2,53,68,424,2005
170,Titans,594,358,60.3,6.4,3797,20,14,80.3,191,32.2,34,8,57,31,200,2005
171,Packers,626,383,61.2,6.3,3964,20,30,70.1,206,32.9,40,7,59,27,198,2005
172,Lions,520,297,57.1,5.8,3021,15,18,69.1,151,29,35,8,86,31,173,2005
173,Broncos,465,279,60,7.3,3373,18,7,88.9,162,34.8,44,8,72,23,146,2005
174,Cowboys,500,300,60,7.3,3639,23,17,83.6,177,35.4,42,9,71,50,298,2005
175,Browns,497,297,59.8,6.7,3323,15,17,75.5,149,30,38,8,80,46,276,2005
176,Bengals,538,362,67.3,7.3,3935,32,14,97.6,203,37.7,43,9,70,21,115,2005
177,Bears,418,219,52.4,5.3,2201,11,15,61.5,111,26.6,27,4,54,31,199,2005
178,Panthers,449,269,59.9,7.8,3485,25,16,88.1,157,35,44,13,80,28,214,2005
179,Bills,459,269,58.6,6.2,2852,18,16,75.4,129,28.1,29,9,65,43,337,2005
180,Redskins,470,274,58.3,6.8,3174,19,10,83.4,150,31.9,39,10,74,19,147,2006
181,Buccaneers,535,296,55.3,5.6,2994,14,18,66.2,133,24.9,30,7,64,33,196,2006
182,Seahawks,512,292,57,6.6,3369,26,22,76,167,32.6,41,7,72,49,315,2006
183,49ers,444,257,57.9,6.5,2890,16,16,74.4,132,29.7,34,8,75,35,202,2006
184,Chargers,466,287,61.6,7.3,3412,24,9,93,169,36.3,41,5,57,28,150,2006
185,Steelers,523,312,59.7,7.7,4026,23,23,80.2,201,38.4,49,10,87,49,293,2006
186,Cardinals,545,322,59.1,7.2,3924,17,17,78.7,187,34.3,50,11,64,35,262,2006
187,Eagles,544,323,59.4,7.9,4309,31,9,96.7,189,34.7,63,19,89,28,190,2006
188,Jets,488,313,64.1,6.9,3352,17,16,82.1,161,33,38,9,71,34,199,2006
189,Giants,523,301,57.6,6.2,3244,24,18,76.8,163,31.2,33,8,55,25,186,2006
190,Saints,580,372,64.1,8,4626,27,13,94.9,207,35.7,65,20,86,23,123,2006
191,Patriots,527,326,61.9,6.8,3590,25,12,88.3,181,34.3,47,8,62,29,190,2006
192,Vikings,540,332,61.5,6.3,3402,13,20,72.2,160,29.6,44,6,50,43,279,2006
193,Dolphins,591,342,57.9,6.1,3577,16,19,71.2,180,30.5,37,6,52,41,290,2006
194,Raiders,483,263,54.5,5.9,2850,7,24,56.2,144,29.8,28,2,57,72,430,2006
195,Rams,592,371,62.7,7.3,4328,24,8,92.7,212,35.8,61,10,67,49,366,2006
196,Chiefs,450,272,60.4,7.2,3243,18,12,84.7,184,40.9,36,5,78,41,243,2006
197,Jaguars,446,266,59.6,6.9,3060,17,14,80,147,33,39,5,51,30,178,2006
198,Colts,557,362,65,7.9,4397,31,9,101,241,43.3,53,7,68,15,89,2006
199,Texans,481,329,68.4,6.3,3032,14,13,83.8,156,32.4,29,3,53,43,254,2006
200,Titans,447,226,50.6,6.1,2748,13,19,61.8,133,29.8,42,1,53,29,152,2006
201,Packers,630,350,55.6,6.3,3947,18,18,72.1,185,29.4,49,8,82,24,152,2006
202,Lions,596,372,62.4,7.1,4208,21,22,79.9,208,34.9,59,3,60,63,388,2006
203,Broncos,454,256,56.4,6.6,2995,20,18,74.7,151,33.3,34,6,83,31,196,2006
204,Cowboys,506,310,61.3,8,4067,26,21,86.5,197,38.9,56,12,56,37,231,2006
205,Browns,512,318,62.1,6.3,3247,15,25,69.7,153,29.9,32,8,75,54,349,2006
206,Bengals,523,327,62.5,7.8,4066,28,13,94.1,200,38.2,53,15,74,36,233,2006
207,Bears,514,282,54.9,6.7,3446,24,22,73.5,161,31.3,50,9,75,25,165,2006
208,Panthers,539,325,60.3,6.5,3486,19,17,77.9,158,29.3,37,7,72,32,222,2006
209,Bills,431,268,62.2,7.1,3051,19,14,84.6,132,30.6,35,10,83,47,332,2006
210,Redskins,525,319,60.8,6.9,3622,18,11,84.2,192,36.6,43,6,54,29,159,2007
211,Buccaneers,490,316,64.5,7.3,3579,18,8,91.7,162,33.1,41,11,69,36,222,2007
212,Seahawks,590,371,62.9,7.1,4181,30,13,91.8,211,35.8,51,8,65,36,217,2007
213,49ers,513,274,53.4,5.2,2685,15,17,64.3,140,27.3,30,4,57,55,365,2007
214,Chargers,471,281,59.7,6.7,3175,22,16,81.3,158,33.5,44,4,49,24,170,2007
215,Steelers,442,282,63.8,7.7,3418,34,14,99.9,179,40.5,43,7,83,47,347,2007
216,Cardinals,590,356,60.3,7.2,4228,32,24,83.4,210,35.6,52,7,62,24,163,2007
217,Eagles,577,350,60.7,6.9,4005,24,15,84.6,186,32.2,43,11,75,49,250,2007
218,Jets,512,310,60.5,6.5,3330,15,19,73.9,173,33.8,38,7,57,53,316,2007
219,Giants,544,302,55.5,6.2,3376,23,20,73,167,30.7,36,6,60,28,222,2007
220,Saints,652,440,67.5,6.8,4423,28,18,89.4,232,35.6,47,8,58,16,109,2007
221,Patriots,586,403,68.8,8.3,4859,50,9,116,243,41.5,57,15,69,21,128,2007
222,Vikings,432,249,57.6,6.8,2938,12,14,74.2,139,32.2,25,8,79,38,193,2007
223,Dolphins,558,318,57,5.9,3319,12,16,69.6,162,29,41,3,64,42,288,2007
224,Raiders,451,260,57.6,6.4,2893,17,20,70.9,133,29.5,31,6,59,41,262,2007
225,Rams,574,333,58,6.2,3561,19,28,67,193,33.6,42,1,40,48,328,2007
226,Chiefs,563,335,59.5,6.3,3525,17,20,73,171,30.4,40,2,58,55,344,2007
227,Jaguars,469,288,61.4,7.5,3495,28,8,97.1,180,38.4,44,8,80,31,167,2007
228,Colts,551,355,64.4,7.6,4172,32,14,96.1,212,38.5,53,9,73,23,139,2007
229,Texans,529,346,65.4,7.4,3925,24,21,86.1,190,35.9,40,10,77,22,174,2007
230,Titans,464,288,62.1,6.6,3077,9,17,72.6,171,36.9,28,7,73,30,199,2007
231,Packers,578,383,66.3,7.7,4461,30,15,95.9,210,36.3,52,17,82,19,127,2007
232,Lions,587,368,62.7,7.2,4216,19,22,79.4,203,34.6,47,8,91,54,338,2007
233,Broncos,515,326,63.3,7.3,3759,21,15,86.7,187,36.3,42,7,68,32,175,2007
234,Cowboys,531,342,64.4,8.1,4290,36,19,97.1,217,40.9,56,11,59,25,185,2007
235,Browns,545,305,56,7.1,3866,29,20,80.7,192,35.2,53,6,78,19,140,2007
236,Bengals,575,373,64.9,7.2,4131,26,20,86.7,213,37,51,8,70,17,119,2007
237,Bears,569,327,57.5,6.5,3701,18,21,72.2,168,29.5,44,8,81,43,339,2007
238,Panthers,505,285,56.4,5.8,2941,19,17,71.9,142,28.1,28,9,74,33,206,2007
239,Bills,445,263,59.1,6.4,2842,12,14,73.8,141,31.7,33,6,85,26,208,2007
240,Ravens,557,341,61.2,5.9,3308,13,14,75.2,175,31.4,23,5,79,39,273,2007
241,Falcons,555,336,60.5,6.4,3573,18,15,78.9,161,29,42,6,74,47,277,2007
242,Redskins,510,318,62.4,6.5,3291,14,6,85.2,165,32.4,34,3,67,38,266,2008
243,Buccaneers,562,355,63.2,6.7,3788,18,13,83.8,184,32.7,42,5,71,32,169,2008
244,Seahawks,474,262,55.3,6,2831,18,15,72.5,142,30,29,5,90,36,214,2008
245,49ers,509,309,60.7,7.3,3724,21,19,81.4,176,34.6,55,6,63,55,345,2008
246,Chargers,478,312,65.3,8.4,4009,34,11,105.5,191,40,48,12,67,25,151,2008
247,Steelers,506,303,59.9,7.1,3607,19,15,81.9,179,35.4,39,8,65,49,306,2008
248,Cardinals,630,418,66.3,7.7,4875,31,15,96.1,231,36.7,54,13,79,28,201,2008
249,Eagles,606,362,59.7,6.7,4060,23,16,81.4,204,33.7,52,11,90,23,149,2008
250,Jets,529,347,65.6,6.6,3516,22,23,80.2,186,35.2,40,7,56,30,213,2008
251,Giants,491,298,60.7,6.8,3353,23,10,88.2,176,35.8,34,4,48,28,176,2008
252,Saints,636,413,64.9,8,5069,34,18,95.4,232,36.5,66,16,84,13,92,2008
253,Patriots,534,339,63.5,7.1,3790,21,11,89.1,186,34.8,38,6,76,48,221,2008
254,Vikings,452,267,59.1,7.1,3217,22,17,81.5,150,33.2,40,12,99,43,261,2008
255,Dolphins,491,330,67.2,7.7,3761,20,7,97.6,184,37.5,39,8,80,26,129,2008
256,Raiders,421,222,52.7,6.3,2639,13,11,71.6,123,29.2,39,5,84,39,270,2008
257,Rams,520,292,56.2,6.3,3268,11,19,66.9,140,26.9,41,8,80,45,321,2008
258,Chiefs,541,310,57.3,6.2,3358,23,16,77.5,161,29.8,35,5,75,37,229,2008
259,Jaguars,537,335,62.4,6.7,3620,15,13,81.4,183,34.1,42,1,41,42,288,2008
260,Colts,585,393,67.2,7.1,4180,27,12,94.7,220,37.6,42,7,75,14,86,2008
261,Texans,555,367,66.1,8.1,4474,21,20,88.4,210,37.8,60,12,65,32,207,2008
262,Titans,453,265,58.5,6.4,2902,13,9,78.8,143,31.6,36,5,56,12,83,2008
263,Packers,541,343,63.4,7.5,4044,28,13,93.3,182,33.6,48,16,71,34,231,2008
264,Lions,509,281,55.2,6.5,3299,18,19,71.3,143,28.1,43,7,96,52,339,2008
265,Broncos,620,386,62.3,7.3,4545,25,18,85.9,223,36,55,7,93,12,74,2008
266,Cowboys,547,328,60,7.3,3988,29,20,84.9,171,31.3,54,12,75,31,199,2008
267,Browns,488,238,48.8,5.2,2537,11,20,54.8,127,26,26,6,70,24,157,2008
268,Bengals,513,303,59.1,5.2,2677,11,15,68,145,28.3,21,2,79,51,271,2008
269,Bears,528,304,57.6,6.1,3229,20,14,77.1,153,29,35,3,65,29,168,2008
270,Panthers,414,246,59.4,7.9,3288,15,12,84.7,152,36.7,45,9,65,20,130,2008
271,Bills,479,309,64.5,6.9,3302,14,15,81.3,167,34.9,38,6,87,38,262,2008
272,Ravens,433,261,60.3,7.1,3085,16,12,82.8,147,33.9,40,11,70,33,277,2008
273,Falcons,434,265,61.1,7.9,3440,16,11,87.7,157,36.2,45,9,70,17,104,2008
274,Redskins,533,340,63.8,7.1,3797,21,16,85.5,191,35.8,43,10,84,46,307,2009
275,Buccaneers,524,279,53.2,6,3134,18,29,59.8,148,28.2,40,4,47,33,161,2009
276,Seahawks,609,372,61.1,6.2,3771,20,19,76.7,184,30.2,39,6,53,41,268,2009
277,49ers,528,312,59.1,6.2,3293,23,14,80.8,137,25.9,42,7,73,40,241,2009
278,Chargers,519,338,65.1,8.7,4506,29,10,103.1,222,42.8,67,13,81,26,168,2009
279,Steelers,536,351,65.5,8.4,4496,28,14,98.1,210,39.2,64,14,60,50,348,2009
280,Cardinals,594,392,66,7.1,4200,27,18,89.1,215,36.2,49,3,45,26,184,2009
281,Eagles,553,335,60.6,7.9,4380,27,13,92,182,32.9,65,21,71,38,291,2009
282,Jets,393,210,53.4,6.6,2596,12,21,62,131,33.3,37,8,65,30,216,2009
283,Giants,542,338,62.4,7.8,4246,28,14,93.2,194,35.8,62,12,74,32,227,2009
284,Saints,544,378,69.5,8.3,4490,34,12,106,215,39.5,58,11,75,20,135,2009
285,Patriots,592,390,65.9,7.7,4540,28,13,95.6,222,37.5,43,12,81,18,104,2009
286,Vikings,553,377,68.2,8,4403,34,7,107.3,220,39.8,55,13,63,34,247,2009
287,Dolphins,545,331,60.7,6.2,3396,15,19,73.3,188,34.5,29,4,67,34,226,2009
288,Raiders,485,255,52.6,5.9,2875,10,18,62,131,27,30,4,86,49,318,2009
289,Rams,543,312,57.5,5.5,2970,12,21,64,159,29.3,32,2,50,44,284,2009
290,Chiefs,536,296,55.2,5.9,3183,18,17,70.8,139,25.9,41,9,61,45,261,2009
291,Jaguars,519,315,60.7,6.9,3599,15,10,83.2,170,32.8,44,6,63,44,243,2009
292,Colts,601,402,66.9,7.7,4605,34,19,95.4,241,40.1,62,8,80,13,90,2009
293,Texans,593,399,67.3,8.1,4803,29,17,96.3,231,39,63,15,72,25,149,2009
294,Titans,476,271,56.9,6.5,3104,16,15,74.8,154,32.4,32,8,69,15,73,2009
295,Packers,553,357,64.6,8.1,4492,30,8,101.8,201,36.3,55,17,83,51,312,2009
296,Lions,585,316,54,5.9,3471,16,32,58.1,168,28.7,39,6,75,43,303,2009
297,Broncos,558,341,61.1,6.9,3825,21,13,84.4,186,33.3,43,9,87,34,198,2009
298,Cowboys,550,347,63.1,8.2,4483,26,9,97.6,203,36.9,61,17,80,34,196,2009
299,Browns,443,219,49.4,5.1,2255,11,18,55.8,118,26.6,25,4,59,30,179,2009
300,Bengals,477,286,60,6.6,3134,21,13,82.7,159,33.3,36,5,73,29,244,2009
301,Bears,563,340,60.4,6.5,3677,27,27,75.6,170,30.2,56,6,71,35,204,2009
302,Panthers,465,264,56.8,6.6,3070,16,20,70.5,152,32.7,39,10,66,33,271,2009
303,Bills,441,256,58,6.3,2789,17,19,71.7,126,28.6,31,6,98,46,274,2009
304,Ravens,510,321,62.9,7.1,3637,21,13,87.4,187,36.7,44,8,72,36,218,2009
305,Falcons,570,332,58.2,6.5,3697,26,17,80.4,192,33.7,39,5,90,27,126,2009
306,Redskins,605,349,57.7,7,4261,21,19,78,194,32.1,51,13,76,46,348,2010
307,Buccaneers,494,306,61.9,7.2,3564,26,6,96.2,172,34.8,49,10,64,30,203,2010
308,Seahawks,544,324,59.6,6.5,3536,14,20,72.1,159,29.2,39,11,87,35,195,2010
309,49ers,500,282,56.4,7.2,3613,19,15,79.4,149,29.8,53,10,66,44,257,2010
310,Chargers,544,359,66,8.7,4746,30,13,101.9,236,43.4,66,14,59,38,227,2010
311,Steelers,479,298,62.2,8.1,3890,22,9,95.2,175,36.5,62,11,56,43,289,2010
312,Cardinals,561,285,50.8,5.8,3264,10,19,60.5,154,27.5,44,3,74,50,343,2010
313,Eagles,561,348,62,7.5,4215,28,13,92.1,189,33.7,61,15,91,49,309,2010
314,Jets,525,288,54.9,6.5,3420,20,14,76.5,171,32.6,44,11,74,28,178,2010
315,Giants,539,339,62.9,7.4,4002,31,25,85.3,192,35.6,57,7,92,16,117,2010
316,Saints,661,450,68.1,7,4636,33,22,90.8,236,35.7,47,10,80,26,195,2010
317,Patriots,507,331,65.3,7.9,4022,37,5,109.8,196,38.7,54,10,79,25,175,2010
318,Vikings,505,305,60.4,6.6,3327,14,26,67.7,159,31.5,47,3,53,36,230,2010
319,Dolphins,557,335,60.1,6.7,3755,17,21,74.8,189,33.9,44,4,57,38,228,2010
320,Raiders,491,279,56.8,7.1,3471,18,16,77.5,159,32.4,45,12,73,44,291,2010
321,Rams,590,354,60,6,3512,18,15,76.5,179,30.3,36,4,49,34,244,2010
322,Chiefs,475,274,57.7,6.7,3189,27,8,90.1,167,35.2,40,4,75,32,221,2010
323,Jaguars,469,291,62,7.2,3356,26,21,83.4,161,34.3,47,6,75,38,291,2010
324,Colts,679,450,66.3,6.9,4700,33,17,91.9,253,37.3,43,9,73,16,91,2010
325,Texans,574,365,63.6,7.6,4370,24,12,92,222,38.7,59,9,60,32,226,2010
326,Titans,474,273,57.6,6.9,3278,24,15,82.6,155,32.7,44,8,80,27,171,2010
327,Packers,541,352,65.1,8,4355,31,13,98.9,204,37.7,57,11,86,38,231,2010
328,Lions,633,383,60.5,6.3,4001,26,16,82,199,31.4,43,6,87,27,191,2010
329,Broncos,580,334,57.6,7.4,4307,25,12,86.8,204,35.2,62,13,71,40,269,2010
330,Cowboys,576,379,65.8,7.3,4208,29,19,90.4,201,34.9,57,8,71,31,166,2010
331,Browns,478,296,61.9,6.7,3203,13,18,75,154,32.2,42,6,65,36,214,2010
332,Bengals,590,365,61.9,6.8,3988,26,20,82.4,206,34.9,45,9,78,28,221,2010
333,Bears,466,276,59.2,7.3,3397,23,21,79.5,163,35,42,6,89,56,382,2010
334,Panthers,484,256,52.9,5.4,2635,9,21,57,125,25.8,30,3,88,50,346,2010
335,Bills,519,296,57,6.5,3371,24,21,75.2,166,32,42,8,65,34,213,2010
336,Ravens,491,308,62.7,7.4,3629,25,10,93.6,175,35.6,40,7,67,40,294,2010
337,Falcons,577,361,62.6,6.5,3725,28,9,90.8,200,34.7,32,6,46,23,158,2010
338,Redskins,591,346,58.5,6.9,4058,19,24,73.3,204,34.5,57,7,51,41,285,2011
339,Buccaneers,588,365,62.1,6.5,3838,17,24,73.6,180,30.6,37,6,65,32,188,2011
340,Seahawks,509,299,58.7,6.8,3444,15,14,77.6,153,30.1,51,9,61,50,339,2011
341,49ers,451,277,61.4,7.1,3193,18,5,91.4,150,33.3,41,6,56,44,263,2011
342,Chargers,582,366,62.9,7.9,4624,27,20,88.7,234,40.2,69,8,58,30,198,2011
343,Steelers,539,341,63.3,8,4333,21,15,89.7,221,41,60,10,95,42,279,2011
344,Cardinals,550,307,55.8,7.2,3954,21,23,73.9,175,31.8,55,15,73,54,387,2011
345,Eagles,554,330,59.6,7.7,4276,22,25,78.3,197,35.6,64,10,73,32,166,2011
346,Jets,547,310,56.7,6.5,3542,26,18,78.4,173,31.6,41,3,74,40,245,2011
347,Giants,589,359,61,8.4,4933,29,16,92.9,216,36.7,67,18,99,28,199,2011
348,Saints,662,472,71.3,8.3,5505,46,14,110.5,280,42.3,69,11,79,24,158,2011
349,Patriots,612,402,65.7,8.6,5257,39,12,105.7,262,42.8,72,14,99,32,173,2011
350,Vikings,510,286,56.1,6.4,3255,20,17,74.6,159,31.2,41,7,72,49,298,2011
351,Dolphins,469,280,59.7,7.3,3425,20,13,84.9,166,35.4,56,7,65,52,334,2011
352,Raiders,524,315,60.1,7.9,4119,20,23,79.4,186,35.5,63,14,78,25,157,2011
353,Rams,549,292,53.2,5.9,3258,9,10,69,159,29,37,3,68,55,388,2011
354,Chiefs,500,299,59.8,6.6,3288,13,18,73,163,32.6,39,7,52,34,208,2011
355,Jaguars,469,240,51.2,5.4,2510,12,15,62.2,122,26,30,4,74,44,331,2011
356,Colts,534,302,56.6,6,3223,14,14,72.2,170,31.8,32,6,87,35,228,2011
357,Texans,467,288,61.7,7.9,3696,20,9,92.7,176,37.7,55,11,80,33,190,2011
358,Titans,584,353,60.4,7,4113,22,14,84.4,185,31.7,51,14,80,24,190,2011
359,Packers,552,376,68.1,9.3,5161,51,8,122.6,230,41.7,70,16,93,41,237,2011
360,Lions,666,423,63.5,7.6,5071,41,16,97.2,244,36.6,65,16,73,36,257,2011
361,Broncos,429,217,50.6,6.3,2708,20,13,73.5,130,30.3,36,8,56,42,274,2011
362,Cowboys,570,376,66,7.8,4453,33,12,100.1,219,38.4,58,11,77,39,252,2011
363,Browns,570,320,56.1,5.8,3300,16,13,72.8,173,30.4,32,6,76,39,210,2011
364,Bengals,535,308,57.6,6.6,3507,21,14,79.6,160,29.9,51,11,84,25,167,2011
365,Bears,473,268,56.7,7.1,3346,18,20,73.8,153,32.3,43,7,81,49,335,2011
366,Panthers,519,312,60.1,7.9,4089,21,17,84.8,175,33.7,66,9,91,35,260,2011
367,Bills,578,356,61.6,6.7,3857,24,25,77,180,31.1,48,8,60,23,154,2011
368,Ravens,544,314,57.7,6.7,3629,21,12,81.7,181,33.3,44,7,74,33,206,2011
369,Falcons,594,365,61.4,7.3,4365,29,13,91.1,215,36.2,56,10,80,26,173,2011
370,Redskins,442,291,65.8,8.3,3666,24,8,102.1,171,38.7,53,8,88,33,244,2012
371,Buccaneers,566,311,54.9,7.3,4144,27,17,81.8,188,33.2,57,16,95,26,161,2012
372,Seahawks,405,259,64,8,3234,27,10,100.6,153,37.8,45,11,67,33,203,2012
373,49ers,436,289,66.3,8.1,3551,23,8,101.2,172,39.4,54,8,57,41,253,2012
374,Chargers,528,338,64,6.8,3606,26,15,88.5,184,34.8,41,3,80,49,311,2012
375,Steelers,574,354,61.7,7,4012,27,14,88.1,202,35.2,49,7,82,37,225,2012
376,Cardinals,608,337,55.4,5.6,3383,11,21,63.1,168,27.6,36,3,53,58,378,2012
377,Eagles,618,367,59.4,6.6,4075,18,15,78.6,190,30.7,51,6,77,48,284,2012
378,Jets,493,272,55.2,6.4,3178,14,19,68.3,162,32.9,40,6,66,47,287,2012
379,Giants,539,323,59.9,7.4,3967,26,15,87.2,187,34.7,50,10,80,20,142,2012
380,Saints,671,423,63,7.7,5187,43,19,96.4,267,39.8,66,13,80,26,190,2012
381,Patriots,641,402,62.7,7.6,4844,34,9,97.7,256,39.9,57,8,83,27,182,2012
382,Vikings,483,300,62.1,6.1,2935,18,12,81.2,163,33.7,28,3,65,32,184,2012
383,Dolphins,504,293,58.1,6.8,3425,13,13,76.7,158,31.3,42,3,80,37,243,2012
384,Raiders,629,376,59.8,6.8,4292,24,16,82.4,200,31.8,52,10,64,27,208,2012
385,Rams,557,332,59.6,6.8,3783,22,14,82.7,189,33.9,43,8,80,35,233,2012
386,Chiefs,475,273,57.5,6.2,2937,8,20,63.8,144,30.3,36,3,57,40,224,2012
387,Jaguars,586,328,56,6.4,3746,20,17,74.7,157,26.8,48,8,81,50,327,2012
388,Colts,628,339,54,7,4374,23,18,76.4,208,33.1,65,11,70,41,246,2012
389,Texans,554,354,63.9,7.3,4046,22,13,89.2,205,37,46,8,60,28,216,2012
390,Titans,540,318,58.9,6.6,3577,17,16,76.9,166,30.7,42,7,71,39,254,2012
391,Packers,558,374,67,7.8,4342,40,8,108.3,213,38.2,55,9,73,51,293,2012
392,Lions,740,445,60.1,6.9,5139,22,17,81.5,272,36.8,67,10,57,29,212,2012
393,Broncos,588,402,68.4,7.9,4671,37,11,105.3,232,39.5,64,7,71,21,137,2012
394,Cowboys,658,434,66,7.6,4992,29,19,91.3,237,36,55,9,85,36,263,2012
395,Browns,566,328,58,6.5,3668,16,18,73.5,185,32.7,50,6,71,36,233,2012
396,Bengals,540,335,62,7.1,3807,28,16,88.1,173,32,39,14,73,46,229,2012
397,Bears,485,287,59.2,6.8,3298,21,16,80.4,163,33.6,39,6,60,44,299,2012
398,Panthers,490,284,58,8,3927,19,12,86.5,171,34.9,58,11,82,36,244,2012
399,Bills,511,309,60.5,6.7,3430,24,17,82.2,176,34.4,44,7,68,30,161,2012
400,Ravens,560,334,59.6,7.1,3996,22,11,86.4,182,32.5,62,12,61,38,257,2012
401,Falcons,615,422,68.6,7.7,4719,32,14,99.1,246,40,46,10,80,28,210,2012
402,Redskins,611,355,58.1,6.6,4057,20,19,76.1,198,32.4,39,6,62,43,306,2013
403,Buccaneers,514,291,56.6,6.2,3181,22,12,79.6,157,30.5,39,7,85,47,361,2013
404,Seahawks,420,267,63.6,8.4,3508,27,9,102.4,160,38.1,52,10,80,44,272,2013
405,49ers,417,244,58.5,7.7,3210,21,8,91.7,148,35.5,46,10,64,39,231,2013
406,Chargers,544,378,69.5,8.2,4478,32,11,105.5,230,42.3,60,6,60,30,150,2013
407,Steelers,586,377,64.3,7.3,4306,28,14,92.3,207,35.3,61,10,67,43,289,2013
408,Cardinals,574,363,63.2,7.5,4291,24,22,83.9,205,35.7,49,9,91,41,289,2013
409,Eagles,508,310,61,8.7,4406,32,9,102.7,197,38.8,80,18,70,46,296,2013
410,Jets,480,266,55.4,6.8,3270,13,22,66.6,154,32.1,47,6,69,47,338,2013
411,Giants,567,325,57.3,6.8,3875,18,29,67.6,176,31,54,7,70,40,287,2013
412,Saints,651,446,68.5,7.9,5162,39,12,104.5,244,37.5,67,15,76,37,244,2013
413,Patriots,628,380,60.5,6.9,4343,25,11,87.3,225,35.8,49,8,81,40,256,2013
414,Vikings,546,325,59.5,6.7,3645,18,19,76,173,31.7,54,7,79,44,218,2013
415,Dolphins,594,357,60.1,6.7,3966,24,19,80.1,205,34.5,47,11,67,58,399,2013
416,Raiders,519,298,57.4,7,3629,17,20,73.9,168,32.4,48,8,73,44,289,2013
417,Rams,506,301,59.5,6.6,3360,22,11,84.8,165,32.6,41,5,81,36,235,2013
418,Chiefs,546,333,61,6.5,3561,24,8,88.6,179,32.8,45,7,71,41,221,2013
419,Jaguars,592,349,59,6.3,3751,16,21,71.8,176,29.7,44,6,67,50,310,2013
420,Colts,582,350,60.1,6.8,3952,23,10,86.5,191,32.8,45,10,73,32,227,2013
421,Texans,633,371,58.6,6.6,4183,19,22,74,198,31.3,53,9,66,42,370,2013
422,Titans,533,328,61.5,7,3710,22,16,83.6,172,32.3,48,10,77,37,214,2013
423,Packers,570,366,64.2,8,4538,25,16,91.7,201,35.3,65,11,83,45,270,2013
424,Lions,634,371,58.5,7.3,4650,29,19,84.2,221,34.9,62,10,87,23,168,2013
425,Broncos,675,461,68.3,8.3,5572,55,10,114.4,293,43.4,68,13,78,20,128,2013
426,Cowboys,586,375,64,7.2,4226,33,12,95.7,213,36.3,48,7,82,35,272,2013
427,Browns,681,379,55.7,6.4,4372,26,20,75.7,200,29.4,52,14,95,49,325,2013
428,Bengals,587,364,62,7.4,4318,33,20,89,205,34.9,57,15,82,29,182,2013
429,Bears,579,373,64.4,7.7,4450,32,13,96.9,215,37.1,53,11,80,30,169,2013
430,Panthers,473,292,61.7,7.1,3379,24,13,88.8,169,35.7,33,7,79,43,336,2013
431,Bills,522,299,57.3,6.5,3373,16,15,75,149,28.5,46,9,59,48,270,2013
432,Ravens,619,363,58.6,6.3,3914,19,23,72,189,30.5,45,14,74,48,324,2013
433,Falcons,659,445,67.5,6.9,4541,26,17,89.5,227,34.4,44,9,81,44,298,2013
434,Redskins,547,364,66.5,8.2,4461,18,18,88.8,186,34,57,20,81,58,414,2014
435,Buccaneers,531,301,56.7,6.8,3623,21,20,75.2,162,30.5,51,9,56,52,326,2014
436,Seahawks,454,287,63.2,7.7,3492,20,7,95.1,160,35.2,54,8,80,42,242,2014
437,49ers,487,292,60,7,3407,20,10,86.3,165,33.9,49,5,80,52,344,2014
438,Chargers,574,380,66.2,7.5,4296,31,18,93.4,214,37.3,57,9,59,37,198,2014
439,Steelers,612,411,67.2,8.2,4997,33,10,103.2,243,39.7,56,15,94,33,172,2014
440,Cardinals,568,320,56.3,7,3990,21,12,81.8,191,33.6,58,11,81,28,182,2014
441,Eagles,621,384,61.8,7.4,4581,27,21,84.8,218,35.1,63,13,72,32,225,2014
442,Jets,498,287,57.6,6.4,3206,16,15,75.1,154,30.9,40,9,74,47,260,2014
443,Giants,607,383,63.1,7.4,4470,30,14,92.2,218,35.9,53,10,80,30,198,2014
444,Saints,659,456,69.2,7.5,4952,33,17,97,258,39.2,52,10,69,30,188,2014
445,Patriots,609,392,64.4,7,4291,34,9,97.5,228,37.4,46,8,69,26,170,2014
446,Vikings,517,322,62.3,6.9,3566,17,18,79.2,171,33.1,43,7,87,51,322,2014
447,Dolphins,595,394,66.2,6.8,4066,27,12,92.5,226,38,41,4,50,46,337,2014
448,Raiders,629,365,58,5.5,3456,22,16,74.4,173,27.5,30,7,77,28,181,2014
449,Rams,515,327,63.5,7.2,3695,20,16,84.9,189,36.7,43,7,63,47,295,2014
450,Chiefs,493,320,64.9,7,3428,18,6,92.2,184,37.3,43,3,70,49,246,2014
451,Jaguars,557,325,58.3,6.2,3451,15,18,72,154,27.6,43,9,63,71,450,2014
452,Colts,661,410,62,7.7,5062,42,16,96.8,251,38,78,15,80,29,168,2014
453,Texans,485,295,60.8,7.1,3460,22,13,86.4,171,35.3,49,9,76,26,108,2014
454,Titans,513,299,58.3,7.3,3738,20,16,81,159,31,50,8,80,50,326,2014
455,Packers,536,349,65.1,8.3,4447,38,6,109.9,222,41.4,59,15,80,30,186,2014
456,Lions,604,365,60.4,7.1,4284,22,12,85.9,210,34.8,54,11,73,45,254,2014
457,Broncos,607,399,65.7,7.9,4779,40,15,101.3,227,37.4,67,11,86,17,118,2014
458,Cowboys,476,328,68.9,8.4,4008,37,11,110.9,205,43.1,54,12,68,30,224,2014
459,Browns,502,274,54.6,7.3,3678,12,16,72.8,179,35.7,56,11,81,31,213,2014
460,Bengals,503,323,64.2,7.1,3551,20,17,84.2,164,32.6,35,8,81,23,130,2014
461,Bears,609,396,65,6.6,4035,30,19,87.3,194,31.9,41,8,74,41,243,2014
462,Panthers,545,327,60,7,3828,23,12,86.2,199,36.5,43,4,51,42,317,2014
463,Bills,579,363,62.7,6.7,3856,23,13,86,186,32.1,52,8,84,39,242,2014
464,Ravens,554,344,62.1,7.2,3986,27,12,91,194,35,50,7,80,19,167,2014
465,Falcons,632,418,66.1,7.5,4758,28,15,93.4,233,36.9,61,9,79,31,205,2014
466,Redskins,555,386,69.5,7.7,4294,30,11,102,208,37.5,52,9,78,27,199,2015
467,Buccaneers,535,312,58.3,7.6,4042,22,15,84.2,201,37.6,57,9,68,27,190,2015
468,Seahawks,489,333,68.1,8.3,4061,34,8,109.8,190,38.9,60,9,80,46,271,2015
469,49ers,526,322,61.2,6.9,3646,16,12,82.6,154,29.3,46,12,76,53,330,2015
470,Chargers,667,442,66.3,7.3,4855,30,13,94.5,230,34.5,53,8,80,40,264,2015
471,Steelers,590,391,66.3,8.2,4822,26,21,91.2,207,35.1,61,21,88,33,219,2015
472,Cardinals,562,353,62.8,8.5,4775,35,13,100.9,237,42.2,66,15,68,27,159,2015
473,Eagles,623,405,65,7,4341,23,18,85.6,193,31,53,14,78,37,254,2015
474,Jets,604,362,59.9,6.9,4170,33,16,88,210,34.8,56,9,69,22,113,2015
475,Giants,623,392,62.9,7.2,4500,36,14,94.5,208,33.4,53,16,87,27,157,2015
476,Saints,667,460,69,7.8,5205,32,12,100.6,247,37,72,13,80,32,235,2015
477,Patriots,629,404,64.2,7.7,4812,36,7,101.9,229,36.4,59,12,76,38,225,2015
478,Vikings,454,294,64.8,7.1,3246,14,9,87.9,153,33.7,41,6,52,45,318,2015
479,Dolphins,588,365,62.1,7.2,4231,24,12,88.9,194,33,57,13,54,45,420,2015
480,Raiders,605,373,61.7,6.8,4129,34,14,91,193,31.9,53,10,68,33,250,2015
481,Rams,473,273,57.7,6.2,2931,11,11,74.1,126,26.6,35,10,68,18,126,2015
482,Chiefs,473,310,65.5,7.4,3493,20,7,95.4,155,32.8,42,10,80,46,238,2015
483,Jaguars,607,355,58.5,7.3,4428,35,18,88.1,215,35.4,72,11,90,51,320,2015
484,Colts,619,355,57.4,6.3,3928,26,19,77.5,195,31.5,46,7,87,37,224,2015
485,Texans,619,358,57.8,6.6,4079,29,12,85.3,210,33.9,46,8,61,36,246,2015
486,Titans,551,342,62.1,7.1,3893,25,17,85.5,195,35.4,49,6,61,54,390,2015
487,Packers,573,348,60.7,6.7,3825,31,8,92.7,173,30.2,55,6,65,47,322,2015
488,Lions,632,420,66.5,7.1,4463,33,14,95.1,236,37.3,52,8,57,44,251,2015
489,Broncos,606,368,60.7,7,4216,19,23,76.3,201,33.2,41,11,75,39,246,2015
490,Cowboys,528,334,63.3,7,3677,16,22,76.6,175,33.1,40,4,67,33,206,2015
491,Browns,609,371,60.9,6.8,4156,20,12,84,192,31.5,48,12,61,53,374,2015
492,Bengals,505,334,66.1,8.1,4104,31,9,104.1,191,37.8,63,13,80,32,181,2015
493,Bears,523,334,63.9,7.3,3843,21,12,89.7,177,33.8,56,10,87,34,183,2015
494,Panthers,501,300,59.9,7.7,3873,35,10,99.2,197,39.3,53,10,74,33,284,2015
495,Bills,465,295,63.4,7.7,3600,23,9,95.6,155,33.3,51,12,63,42,257,2015
496,Ravens,676,426,63,6.6,4449,21,21,79.4,211,31.2,54,8,50,24,178,2015
497,Falcons,621,410,66,7.4,4602,21,17,87.8,230,37,49,9,70,32,223,2015
498,Redskins,607,407,67.1,8.2,4948,25,12,97.4,226,37.2,70,13,80,23,190,2016
499,Buccaneers,578,355,61.4,7.2,4165,29,18,87,220,38.1,43,4,45,35,239,2016
500,Seahawks,567,368,64.9,7.8,4422,23,12,93.4,203,35.8,54,12,59,42,298,2016
501,49ers,491,287,58.5,6.4,3166,21,10,83.4,152,31,35,6,75,47,255,2016
502,Chargers,580,349,60.2,7.6,4386,33,21,87.6,214,36.9,57,16,59,36,188,2016
503,Steelers,596,381,63.9,7.3,4377,33,15,93.9,210,35.2,64,10,72,21,175,2016
504,Cardinals,646,383,59.3,6.8,4425,28,17,83.5,229,35.4,51,6,80,41,289,2016
505,Eagles,609,380,62.4,6.2,3798,16,14,79.2,192,31.5,39,6,73,33,213,2016
506,Jets,550,311,56.5,6.6,3645,16,25,67.6,166,30.2,48,10,69,35,179,2016
507,Giants,598,377,63,6.7,4027,26,16,86,190,31.8,46,11,75,22,148,2016
508,Saints,674,472,70,7.8,5258,38,15,102.5,265,39.3,71,11,98,27,184,2016
509,Patriots,550,368,66.9,8.1,4456,32,2,109.5,203,36.9,56,9,79,24,148,2016
510,Vikings,588,414,70.4,7,4119,20,5,97.7,209,35.5,52,8,71,38,283,2016
511,Dolphins,477,316,66.2,7.8,3716,27,15,95.5,167,35,46,15,74,30,216,2016
512,Raiders,596,379,63.6,6.9,4137,29,7,95.3,198,33.2,51,8,75,18,86,2016
513,Rams,536,312,58.2,6.2,3313,14,20,69.5,151,28.2,43,9,66,49,362,2016
514,Chiefs,546,365,66.8,7.2,3914,19,8,93.2,197,36.1,46,9,80,32,174,2016
515,Jaguars,626,369,58.9,6.3,3925,24,16,79.5,207,33.1,44,4,51,34,197,2016
516,Colts,584,370,63.4,7.7,4491,32,15,94.5,220,37.7,63,8,64,44,289,2016
517,Texans,583,347,59.5,5.9,3418,15,16,73.3,173,29.7,34,4,53,32,242,2016
518,Titans,504,307,60.9,7.4,3720,29,11,93.7,175,34.7,53,8,60,28,179,2016
519,Packers,620,403,65,7.2,4445,40,8,102.3,222,35.8,57,10,66,35,246,2016
520,Lions,594,388,65.3,7.3,4327,24,10,93.3,217,36.5,52,10,73,37,216,2016
521,Broncos,570,339,59.5,6.9,3914,20,11,83.9,181,31.8,40,8,76,40,229,2016
522,Cowboys,483,325,67.3,7.9,3799,25,6,103,191,39.5,39,8,83,28,168,2016
523,Browns,567,338,59.6,6.5,3693,15,14,77.4,181,31.9,44,9,58,66,429,2016
524,Bengals,563,364,64.7,7.5,4206,18,8,91.8,204,36.2,53,13,86,41,264,2016
525,Bears,559,347,62.1,7.4,4139,19,19,81.8,212,37.9,49,4,64,28,170,2016
526,Panthers,563,306,54.4,7,3962,21,19,75.1,194,34.5,49,9,88,36,277,2016
527,Bills,474,286,60.3,6.9,3250,17,7,86.7,155,32.7,35,8,84,46,214,2016
528,Ravens,679,439,64.7,6.4,4343,20,16,82.6,205,30.2,40,11,95,33,243,2016
529,Falcons,537,374,69.6,9.2,4960,38,7,116.8,239,44.5,69,17,76,37,235,2016
530,Redskins,540,347,64.3,7.6,4093,27,13,93.9,191,35.4,59,9,74,41,342,2017
531,Buccaneers,605,378,62.5,7.6,4607,26,14,90.6,243,40.2,47,6,70,40,241,2017
532,Seahawks,555,340,61.3,7.2,3979,34,12,94.4,183,33,58,12,74,43,322,2017
533,49ers,607,362,59.6,7,4235,15,15,78.8,206,33.9,49,14,83,43,310,2017
534,Chargers,583,366,62.8,7.8,4551,28,11,95.1,220,37.7,61,12,75,18,120,2017
535,Steelers,590,384,65.1,7.7,4534,29,15,94.1,217,36.8,56,16,97,24,154,2017
536,Cardinals,598,339,56.7,6.7,3979,21,18,76.2,200,33.4,55,5,52,52,339,2017
537,Eagles,564,341,60.5,7,3967,38,9,97.6,193,34.2,43,9,72,36,230,2017
538,Jets,510,323,63.3,6.9,3501,19,12,86.1,157,30.8,46,8,69,47,319,2017
539,Giants,608,373,61.3,6.1,3680,20,14,79.8,178,29.3,33,6,77,34,201,2017
540,Saints,536,386,72,8.1,4334,23,8,103.9,201,37.5,72,11,54,20,145,2017
541,Patriots,587,389,66.3,7.9,4619,32,8,102.6,232,39.5,63,10,64,35,201,2017
542,Vikings,527,357,67.7,7.5,3929,25,8,99.1,196,37.2,53,9,65,27,176,2017
543,Dolphins,602,373,62,6.3,3792,24,21,78.7,187,31.1,41,5,65,33,257,2017
544,Raiders,558,347,62.2,6.7,3761,23,14,85.3,178,31.9,47,10,87,24,130,2017
545,Rams,518,320,61.8,7.8,4023,28,7,98.3,185,35.7,57,13,94,28,192,2017
546,Chiefs,543,363,66.9,8,4326,26,8,100.8,198,36.5,54,14,79,37,222,2017
547,Jaguars,527,316,60,7.1,3716,21,13,84.4,193,36.6,42,7,75,24,123,2017
548,Colts,487,285,58.5,6.6,3226,13,9,79.7,148,30.4,36,9,80,56,334,2017
549,Texans,525,299,57,6.9,3644,28,17,82.8,180,34.3,53,6,72,54,366,2017
550,Titans,496,306,61.7,6.8,3394,14,17,77.1,157,31.7,39,6,75,35,203,2017
551,Packers,562,352,62.6,6.3,3532,25,18,81.9,176,31.3,38,8,72,51,365,2017
552,Lions,570,374,65.6,7.8,4470,29,11,98.4,210,36.8,61,16,71,47,287,2017
553,Broncos,566,332,58.7,6.5,3668,19,22,73,180,31.8,55,3,54,52,335,2017
554,Cowboys,493,309,62.7,6.7,3326,22,13,86.3,162,32.9,34,8,81,32,185,2017
555,Browns,574,312,54.4,6.2,3537,15,28,61.4,157,27.4,53,5,56,50,309,2017
556,Bengals,510,304,59.6,6.6,3386,25,12,86,165,32.4,34,9,77,40,264,2017
557,Bears,473,291,61.5,6.5,3085,13,12,79.1,144,30.4,30,4,70,39,274,2017
558,Panthers,501,293,58.5,6.6,3319,22,16,79.8,167,33.3,46,5,64,35,242,2017
559,Bills,476,289,60.7,6.5,3086,16,10,82.1,149,31.3,40,4,47,47,261,2017
560,Ravens,567,363,64,5.7,3235,20,13,81.4,168,29.6,29,5,66,27,205,2017
561,Falcons,530,343,64.7,7.8,4146,21,12,92.4,200,37.7,55,9,88,24,156,2017
562,Redskins,509,311,61.1,6.5,3287,16,15,78.1,156,30.6,40,6,79,44,266,2018
563,Buccaneers,625,408,65.3,8.6,5358,36,26,94.1,265,42.4,71,14,75,41,233,2018
564,Seahawks,427,280,65.6,8.1,3448,35,7,110.9,156,36.5,47,13,66,51,355,2018
565,49ers,532,331,62.2,8,4247,26,20,87.8,201,37.8,61,12,85,48,380,2018
566,Chargers,512,348,68,8.4,4316,32,12,104.9,213,41.6,60,10,75,34,227,2018
567,Steelers,689,459,66.6,7.5,5174,35,17,95.5,251,36.4,62,16,97,24,166,2018
568,Cardinals,495,283,57.2,5.8,2884,15,18,69,137,27.7,31,4,75,52,361,2018
569,Eagles,599,422,70.5,7.6,4524,29,11,100.7,221,36.9,52,9,83,40,249,2018
570,Jets,524,299,57.1,6.5,3404,18,19,73,157,30,44,5,76,37,239,2018
571,Giants,583,382,65.5,7.6,4405,23,12,92.7,208,35.7,59,12,58,47,358,2018
572,Saints,519,381,73.4,8,4174,33,7,112.3,210,40.5,59,7,72,20,132,2018
573,Patriots,574,378,65.9,7.7,4405,29,11,97.8,206,35.9,54,8,63,21,147,2018
574,Vikings,606,425,70.1,7.1,4298,30,10,99.7,218,36,47,7,75,40,262,2018
575,Dolphins,455,292,64.2,7.3,3309,26,13,93,153,33.6,34,9,75,52,409,2018
576,Raiders,556,382,68.7,7.3,4057,19,10,93.6,197,35.4,52,7,66,52,306,2018
577,Rams,568,368,64.8,8.3,4730,32,12,100.7,236,41.5,69,9,70,33,223,2018
578,Chiefs,583,385,66,8.8,5126,50,12,113.8,239,41,76,15,89,26,171,2018
579,Jaguars,536,329,61.4,6.4,3431,15,13,79.1,164,30.6,41,3,80,53,322,2018
580,Colts,644,432,67.1,7.1,4595,39,15,98.2,237,36.8,53,7,68,18,134,2018
581,Texans,506,345,68.2,8.2,4165,26,9,102.9,202,39.9,51,8,73,62,384,2018
582,Titans,437,293,67,7.4,3255,16,12,89.8,156,35.7,37,6,66,47,280,2018
583,Packers,640,392,61.3,7.2,4629,25,4,93.7,208,32.5,57,16,75,53,391,2018
584,Lions,574,375,65.3,6.7,3844,22,12,88.5,201,35,44,6,67,41,268,2018
585,Broncos,588,367,62.4,6.7,3930,19,15,82.1,181,30.8,53,11,64,34,235,2018
586,Cowboys,527,356,67.6,7.4,3885,22,8,96.7,184,34.9,39,9,90,56,347,2018
587,Browns,574,353,61.5,7.4,4261,29,17,88.8,189,32.9,60,11,71,38,254,2018
588,Bengals,542,331,61.1,6.6,3569,27,13,87,182,33.6,53,1,49,37,279,2018
589,Bears,512,344,67.2,7.3,3747,28,14,95.4,177,34.6,46,11,70,33,183,2018
590,Panthers,563,378,67.1,7.2,4071,28,16,92.9,212,37.7,52,5,82,32,235,2018
591,Bills,499,271,54.3,6.2,3082,13,23,62.6,137,27.5,43,8,75,41,288,2018
592,Ravens,556,334,60.1,6.7,3708,18,9,84,184,33.1,43,6,74,32,150,2018
593,Falcons,617,428,69.4,8,4949,36,7,108,238,38.6,56,9,75,42,296,2018
594,Redskins,479,298,62.2,6.7,3205,18,13,83,154,32.2,38,6,75,50,393,2019
595,Buccaneers,630,382,60.6,8.1,5127,33,30,84.1,244,38.7,75,13,71,47,282,2019
596,Seahawks,517,341,66,7.9,4110,31,6,105.3,190,36.8,55,10,60,48,319,2019
597,49ers,478,331,69.2,8.4,4029,28,13,103.1,195,40.8,62,8,75,36,237,2019
598,Chargers,597,394,66,7.8,4648,24,20,89,220,36.9,57,12,84,34,222,2019
599,Steelers,510,315,61.8,6.3,3214,18,19,76.1,147,28.8,37,8,79,32,233,2019
600,Cardinals,554,355,64.1,6.9,3797,20,12,87,176,31.8,49,10,88,50,320,2019
601,Eagles,613,391,63.8,6.6,4063,27,8,92.1,215,35.1,52,6,53,37,230,2019
602,Jets,521,323,62,6.6,3443,19,16,80.6,162,31.1,44,6,92,52,332,2019
603,Giants,607,376,61.9,6.7,4070,30,17,86.4,187,30.8,54,11,75,43,339,2019
604,Saints,581,418,71.9,7.6,4431,36,6,110.2,230,39.6,54,9,61,25,187,2019
605,Patriots,620,378,61,6.7,4153,25,9,88.2,197,31.8,62,6,59,28,192,2019
606,Vikings,466,319,68.5,8,3729,26,8,103.9,171,36.7,53,11,66,28,206,2019
607,Dolphins,615,371,60.3,6.7,4117,22,18,80,210,34.1,49,7,51,58,313,2019
608,Raiders,523,367,70.2,7.9,4110,22,8,101,194,37.1,54,10,75,29,184,2019
609,Rams,632,397,62.8,7.4,4669,22,17,85.6,222,35.1,73,6,66,22,170,2019
610,Chiefs,576,378,65.6,8.1,4690,30,5,104.4,211,36.6,59,18,83,25,192,2019
611,Jaguars,589,364,61.8,6.8,4023,24,8,90,183,31.1,53,6,70,42,263,2019
612,Colts,513,307,59.8,6.5,3314,22,10,85,165,32.2,38,3,50,32,206,2019
613,Texans,534,355,66.5,7.6,4083,27,14,95.3,203,38,51,10,54,49,300,2019
614,Titans,448,297,66.3,8.8,3956,29,8,108.3,177,39.5,58,15,91,56,374,2019
615,Packers,573,356,62.1,7,4017,26,4,95.3,190,33.2,52,12,74,36,284,2019
616,Lions,571,344,60.2,7.3,4187,28,15,88.2,196,34.3,60,13,75,43,287,2019
617,Broncos,504,312,61.9,6.7,3401,16,10,84.1,162,32.1,46,10,75,41,286,2019
618,Cowboys,597,388,65,8.2,4902,30,11,99.5,229,38.4,68,16,62,23,151,2019
619,Browns,539,318,59,7.1,3847,22,21,78.4,180,33.4,58,9,89,41,293,2019
620,Bengals,616,356,57.8,6.5,3994,18,16,76.2,191,31,48,7,66,48,342,2019
621,Bears,580,371,64,6.2,3573,20,12,83.9,178,30.7,39,2,53,45,282,2019
622,Panthers,633,382,60.3,6.5,4134,17,21,74.7,230,36.3,40,7,52,58,484,2019
623,Bills,513,299,58.3,6.8,3476,21,12,82.8,162,31.6,54,8,53,40,247,2019
624,Ravens,440,289,65.7,7.6,3350,37,8,109,171,38.9,44,8,83,28,125,2019
625,Falcons,684,459,67.1,7.4,5049,29,15,93.8,258,37.7,52,5,93,50,335,2019
626,Football ,601,389,64.7,6.3,3796,16,16,80.1,184,30.6,40,6,68,50,331,2020
627,Buccaneers,626,410,65.5,7.6,4776,42,12,102.8,238,38,67,12,50,22,150,2020
628,Seahawks,563,388,68.9,7.5,4245,40,13,105,216,38.4,45,11,62,48,304,2020
629,49ers,570,371,65.1,7.6,4320,25,17,90.1,217,38.1,55,10,76,39,287,2020
630,Chargers,627,413,65.9,7.3,4548,31,10,97,226,36,54,10,72,34,219,2020
631,Steelers,656,428,65.2,6.3,4129,35,11,93.5,206,31.4,48,7,84,14,126,2020
632,Cardinals,575,387,67.3,7.1,4102,27,13,94.1,211,36.7,45,14,80,29,186,2020
633,Eagles,598,334,55.9,6.2,3728,22,20,72.9,177,29.6,43,9,81,65,401,2020
634,Jets,499,292,58.5,6.2,3115,16,14,75.9,146,29.3,39,6,69,43,319,2020
635,Giants,517,321,62.1,6.5,3336,12,11,79.6,178,34.4,36,5,53,50,310,2020
636,Saints,522,370,70.9,7.6,3945,28,8,104.1,199,38.1,44,9,52,29,187,2020
637,Patriots,440,283,64.3,7.1,3124,12,14,81.1,157,35.7,38,3,50,37,234,2020
638,Vikings,516,349,67.6,8.3,4265,35,13,105,212,41.1,58,7,71,39,256,2020
639,Dolphins,559,370,66.2,7,3937,24,13,91.2,207,37,40,4,70,34,201,2020
640,Raiders,551,369,67,8,4383,28,10,100.4,206,37.4,59,12,85,28,166,2020
641,Rams,590,392,66.4,7.1,4183,20,14,88.4,206,34.9,50,6,56,25,169,2020
642,Chiefs,630,420,66.7,7.9,5005,40,7,107.3,255,40.5,69,8,75,24,151,2020
643,Jaguars,616,387,62.8,6.4,3955,25,16,83.9,205,33.3,45,5,73,44,256,2020
644,Colts,552,371,67.2,7.6,4186,24,11,95.9,201,36.4,56,8,55,21,133,2020
645,Texans,546,383,70.1,8.9,4843,33,7,112.3,222,40.7,70,11,77,50,305,2020
646,Titans,485,316,65.2,7.9,3826,33,7,105.9,203,41.9,44,13,75,25,173,2020
647,Packers,526,372,70.7,8.2,4299,48,5,121.5,216,41.1,57,14,78,21,193,2020
648,Lions,582,374,64.3,7.6,4397,27,13,93.3,220,37.8,58,8,73,42,293,2020
649,Broncos,556,317,57,6.6,3673,21,23,72.5,176,31.7,49,11,92,32,222,2020
650,Cowboys,639,413,64.6,7.1,4511,25,13,89.9,231,36.2,50,11,69,44,350,2020
651,Browns,501,315,62.9,7.4,3701,27,8,96.6,195,38.9,45,5,75,26,162,2020
652,Bengals,581,372,64,6.5,3793,19,11,85.7,201,34.6,35,5,72,48,345,2020
653,Bears,614,402,65.5,6.4,3925,26,16,86.5,218,35.5,42,3,53,36,270,2020
654,Panthers,550,373,67.8,7.5,4129,16,16,87.5,192,34.9,55,9,75,36,241,2020
655,Bills,596,410,68.8,8,4786,40,11,107.6,240,40.3,66,10,56,27,166,2020
656,Ravens,406,257,63.3,7.2,2919,27,11,95.7,142,35,38,5,70,32,180,2020
657,Falcons,628,408,65,7.4,4620,27,11,93.9,243,38.7,59,8,63,41,257,2020
658,Football ,550,356,64.7,6.8,3746,21,15,85.8,181,32.9,42,7,73,43,305,2021
659,Buccaneers,731,492,67.3,7.4,5383,43,12,101.6,273,37.3,76,10,62,23,154,2021
660,Seahawks,495,324,65.5,7.7,3815,30,7,103.1,166,33.5,56,12,84,46,383,2021
661,49ers,514,343,66.7,8.6,4437,26,14,99.2,200,38.9,63,11,83,33,216,2021
662,Chargers,674,443,65.7,7.4,5014,38,15,97.4,256,38,53,15,72,31,214,2021
663,Steelers,664,425,64,6,4017,23,11,85.3,204,30.7,41,9,59,38,239,2021
664,Cardinals,591,415,70.2,7.8,4619,27,11,100.6,214,36.2,62,11,77,39,343,2021
665,Eagles,494,307,62.1,7.3,3585,20,10,89.2,167,33.8,51,5,91,31,181,2021
666,Jets,603,357,59.2,6.6,3959,20,20,76,195,32.3,52,6,62,53,418,2021
667,Giants,593,351,59.2,5.8,3463,15,20,70.1,171,28.8,31,6,60,38,267,2021
668,Saints,504,293,58.1,6.8,3437,29,13,87.4,165,32.7,41,8,72,37,251,2021
669,Patriots,535,364,68,7.7,4098,24,13,95.5,187,35,60,8,75,28,241,2021
670,Vikings,604,398,65.9,7.4,4450,34,7,101.6,202,33.4,63,10,64,30,212,2021
671,Dolphins,615,404,65.7,6.4,3936,21,14,85.4,206,33.5,45,8,65,40,285,2021
672,Raiders,628,429,68.3,7.7,4808,23,14,93.8,217,34.6,67,10,61,40,241,2021
673,Rams,607,406,66.9,8.1,4893,41,18,101.6,233,38.4,65,18,79,31,251,2021
674,Chiefs,675,448,66.4,7.3,4937,37,13,98.1,267,39.6,58,11,75,28,146,2021
675,Jaguars,604,361,59.8,6.1,3674,12,17,72.1,178,29.5,44,5,58,32,238,2021
676,Colts,521,324,62.2,6.9,3588,27,8,93.5,167,32.1,42,9,76,32,227,2021
677,Texans,546,354,64.8,6.6,3630,21,15,85.2,162,29.7,44,8,67,44,325,2021
678,Titans,535,359,67.1,7,3745,22,14,90,194,36.3,35,7,57,47,327,2021
679,Packers,593,402,67.8,7.6,4526,39,7,107.4,235,39.6,61,11,75,33,211,2021
680,Lions,593,396,66.8,6.5,3884,23,14,88.1,193,32.5,49,5,75,36,286,2021
681,Broncos,541,354,65.4,7.1,3856,20,9,91.7,179,33.1,46,7,64,40,263,2021
682,Cowboys,647,444,68.6,7.7,4963,40,11,104.8,248,38.3,63,9,73,33,163,2021
683,Browns,520,320,61.5,7,3619,21,14,84.6,177,34,47,9,71,49,299,2021
684,Bengals,555,384,69.2,8.7,4806,36,14,106.9,208,37.5,63,16,82,55,403,2021
685,Bears,542,332,61.3,6.7,3635,16,20,75.5,180,33.2,40,7,64,58,428,2021
686,Panthers,599,348,58.1,6,3573,14,21,68.5,174,29,36,5,64,52,334,2021
687,Bills,655,415,63.4,6.8,4450,36,16,91.3,236,36,51,8,61,27,166,2021
688,Ravens,611,396,64.8,7,4267,21,18,84.4,209,34.2,54,6,49,57,306,2021
689,Falcons,573,377,65.8,7,3987,20,15,86.6,196,34.2,44,7,64,40,274,2021
