,Team,Att,Cmp,Cmp_%,Yds/Att,Yds,TD,INT,Rate,1st,1st%,20+,40+,Lng,Sck,Years
0,Redskins,462,254,55.0,6.3,2621,12,17,67.4,134,29.0,40,9,76,45,2000
1,Buccaneers,594,339,57.1,5.9,3152,15,25,65.0,180,30.3,32,4,72,55,2000
2,Seahawks,489,309,63.2,8.4,3937,23,17,90.8,185,37.8,53,16,73,27,2000
3,49ers,558,320,57.3,7.5,3915,25,13,86.4,194,34.8,55,10,78,38,2000
4,Chargers,552,326,59.1,6.9,3537,33,16,87.7,195,35.3,36,9,68,39,2000
5,Steelers,521,280,53.7,6.2,3020,13,17,67.6,153,29.4,37,9,79,39,2000
6,Cardinals,459,296,64.5,7.1,3128,19,10,90.2,175,38.1,42,7,65,25,2000
7,Eagles,552,314,56.9,5.9,2990,11,19,66.6,159,28.8,34,4,70,50,2000
8,Jets,517,265,51.3,6.1,2932,17,21,64.3,152,29.4,45,11,75,40,2000
9,Giants,585,327,55.9,6.3,3390,23,20,73.7,181,30.9,46,5,53,44,2000
10,Saints,488,285,58.4,7.1,3071,17,20,74.7,159,32.6,53,8,69,66,2000
11,Patriots,544,321,59.0,6.8,3522,23,10,86.0,184,33.8,42,9,81,29,2000
12,Vikings,584,369,63.2,7.1,3913,23,8,91.6,208,35.6,42,8,52,31,2000
13,Dolphins,530,282,53.2,6.0,2900,13,28,57.5,156,29.4,46,6,59,48,2000
14,Raiders,588,359,61.1,6.8,3698,25,21,80.4,202,34.4,37,7,62,43,2000
15,Rams,534,323,60.5,7.6,3797,32,19,89.5,195,36.5,59,5,62,51,2000
16,Chiefs,549,358,65.2,6.8,3471,25,15,88.6,201,36.6,41,3,47,51,2000
17,Jaguars,458,258,56.3,7.4,3160,23,12,85.8,144,31.4,50,8,77,40,2000
18,Colts,530,317,59.8,6.9,3422,22,14,83.6,177,33.4,52,6,50,42,2000
19,Titans,466,242,51.9,5.9,2423,10,17,62.0,134,28.8,36,6,48,55,2000
20,Packers,557,307,55.1,6.6,3451,28,21,76.7,186,33.4,46,10,78,38,2000
21,Lions,544,311,57.2,6.2,3210,16,25,66.2,159,29.2,32,5,61,28,2000
22,Broncos,574,310,54.0,7.3,3946,26,27,73.1,189,32.9,58,10,83,44,2000
23,Cowboys,458,277,60.5,6.3,2693,20,16,78.7,145,31.7,31,5,68,25,2000
24,Browns,486,262,53.9,7.0,3138,18,12,78.3,169,34.8,49,8,61,42,2000
25,Bengals,538,318,59.1,6.9,3562,26,9,89.4,182,33.8,44,7,77,26,2000
26,Bears,530,332,62.6,6.9,3407,25,11,90.0,172,32.5,45,3,66,36,2000
27,Panthers,552,352,63.8,7.1,3712,19,17,83.6,184,33.3,41,9,62,27,2000
28,Bills,480,283,59.0,6.6,2867,18,16,77.4,153,31.9,38,7,63,42,2000
29,Ravens,528,295,55.9,6.0,2997,11,23,62.5,135,25.6,33,9,67,35,2000
30,Redskins,473,262,55.4,6.6,2977,19,23,68.8,149,31.5,42,7,64,25,2001
31,Buccaneers,493,273,55.4,6.5,2951,20,28,65.3,156,31.6,43,6,67,42,2001
32,Seahawks,563,339,60.2,6.6,3485,20,14,81.4,186,33.0,43,6,65,38,2001
33,49ers,567,332,58.6,6.4,3383,18,24,70.3,179,31.6,44,7,63,32,2001
34,Chargers,535,317,59.3,6.8,3400,24,19,79.8,166,31.0,44,10,80,41,2001
35,Steelers,525,295,56.2,6.3,2942,19,16,74.5,160,30.5,40,6,80,55,2001
36,Cardinals,556,337,60.6,6.7,3598,26,17,83.4,179,32.2,46,9,79,19,2001
37,Eagles,517,288,55.7,6.1,2864,13,14,71.0,150,29.0,40,5,76,45,2001
38,Jets,516,313,60.7,6.1,2999,14,20,71.1,155,30.0,33,6,70,33,2001
39,Giants,521,298,57.2,7.2,3430,25,15,83.7,161,30.9,57,13,76,46,2001
40,Saints,452,278,61.5,8.1,3355,30,15,95.5,169,37.4,61,12,86,53,2001
41,Patriots,546,299,54.8,6.8,3497,15,22,68.6,171,31.3,50,8,68,41,2001
42,Vikings,478,291,60.9,7.5,3367,16,8,88.1,166,34.7,52,5,69,30,2001
43,Dolphins,467,262,56.1,6.6,2829,22,17,76.7,148,31.7,35,9,80,37,2001
44,Raiders,528,290,54.9,6.2,3083,16,17,70.5,165,31.3,41,8,67,41,2001
45,Rams,541,314,58.0,6.2,3097,16,21,69.9,153,28.3,41,5,49,45,2001
46,Chiefs,491,296,60.3,6.9,3164,19,13,83.1,167,34.0,48,7,49,31,2001
47,Jaguars,544,354,65.1,6.9,3459,13,12,83.9,193,35.5,41,7,63,43,2001
48,Colts,509,311,61.1,7.6,3600,30,15,91.9,195,38.3,48,9,91,40,2001
49,Titans,559,328,58.7,7.6,4084,27,13,89.1,192,34.3,63,12,78,32,2001
50,Packers,583,341,58.5,6.0,3168,14,20,69.6,176,30.2,41,6,47,52,2001
51,Lions,514,312,60.7,7.3,3528,30,16,89.6,189,36.8,50,9,68,31,2001
52,Broncos,515,308,59.8,6.9,3282,23,22,77.8,176,34.2,43,8,72,39,2001
53,Cowboys,489,287,58.7,6.2,2889,20,9,82.7,160,32.7,34,4,78,24,2001
54,Browns,552,309,56.0,6.1,3089,18,33,60.2,161,29.2,36,8,71,43,2001
55,Bengals,512,311,60.7,6.8,3157,23,13,85.4,173,33.8,49,5,47,48,2001
56,Bears,602,355,59.0,6.6,3665,12,20,71.4,191,31.7,43,5,60,48,2001
57,Panthers,510,306,60.0,7.5,3642,25,24,79.9,187,36.7,49,11,94,26,2001
58,Bills,453,284,62.7,7.5,3159,23,11,92.2,154,34.0,48,9,63,34,2001
59,Ravens,555,321,57.8,6.0,3035,16,16,72.8,161,29.0,39,6,90,45,2001
60,Redskins,531,304,57.3,6.2,3033,19,14,76.5,155,29.2,41,7,58,40,2002
61,Buccaneers,510,259,50.8,5.5,2490,10,31,48.4,131,25.7,40,6,52,43,2002
62,Seahawks,555,321,57.8,6.5,3411,21,19,75.6,191,34.4,39,4,64,28,2002
63,49ers,552,340,61.6,6.7,3506,23,19,80.9,188,34.1,43,3,58,32,2002
64,Chargers,607,375,61.8,7.5,4295,26,17,87.2,205,33.8,46,12,99,39,2002
65,Steelers,573,336,58.6,6.6,3460,19,19,75.6,178,31.1,43,10,64,50,2002
66,Cardinals,535,335,62.6,7.5,3874,29,17,90.3,196,36.6,48,12,78,21,2002
67,Eagles,563,333,59.1,6.1,3094,18,15,76.4,160,28.4,35,4,57,56,2002
68,Jets,551,359,65.2,6.7,3490,17,15,83.2,178,32.3,33,7,72,30,2002
69,Giants,541,311,57.5,6.2,3119,17,11,77.9,162,29.9,41,5,63,37,2002
70,Saints,593,343,57.8,6.8,3805,25,20,78.8,191,32.2,51,12,77,39,2002
71,Patriots,531,314,59.1,6.4,3179,23,18,78.2,158,29.8,33,6,52,34,2002
72,Vikings,542,335,61.8,7.9,4103,33,16,94.6,198,36.5,65,11,84,27,2002
73,Dolphins,520,294,56.5,6.6,3102,20,21,72.7,162,31.2,44,10,73,47,2002
74,Raiders,570,346,60.7,6.6,3526,21,21,77.3,189,33.2,39,8,54,43,2002
75,Rams,461,292,63.3,7.5,3209,15,12,86.0,148,32.1,42,7,83,38,2002
76,Chiefs,616,403,65.4,7.1,4181,27,18,88.8,227,36.9,50,8,82,34,2002
77,Jaguars,519,314,60.5,6.7,3264,19,14,81.5,188,36.2,37,10,60,36,2002
78,Colts,468,288,61.5,6.8,2917,19,10,86.1,148,31.6,32,4,82,36,2002
79,Texans,512,281,54.9,6.6,3141,23,10,82.1,155,30.3,48,5,57,35,2002
80,Titans,562,339,60.3,6.7,3540,27,18,82.8,197,35.1,40,6,75,40,2002
81,Packers,531,287,54.0,6.1,2987,24,24,68.7,143,26.9,37,11,64,43,2002
82,Lions,591,371,62.8,7.5,4150,27,10,93.6,221,37.4,56,11,60,33,2002
83,Broncos,566,360,63.6,6.3,3337,15,9,83.7,176,31.1,36,6,75,40,2002
84,Cowboys,574,334,58.2,6.2,3449,22,19,75.6,178,31.0,45,7,65,24,2002
85,Browns,513,299,58.3,6.7,3269,20,17,77.8,164,32.0,42,7,72,28,2002
86,Bengals,454,287,63.2,7.5,3262,30,9,99.9,182,40.1,44,5,69,24,2002
87,Bears,547,335,61.2,6.9,3530,24,9,89.7,185,33.8,49,7,85,35,2002
88,Panthers,522,293,56.1,6.4,2993,18,17,73.4,155,29.7,42,5,80,52,2002
89,Bills,495,281,56.8,6.6,3067,24,10,84.7,160,32.3,47,7,81,31,2002
90,Redskins,483,285,59.0,6.9,3195,23,17,81.4,176,36.4,46,6,80,27,2003
91,Buccaneers,475,274,57.7,6.2,2710,16,20,69.7,140,29.5,30,6,75,36,2003
92,Seahawks,573,343,59.9,6.5,3480,24,16,81.4,183,31.9,35,14,72,40,2003
93,49ers,514,310,60.3,6.9,3238,25,23,78.6,165,32.1,45,8,75,42,2003
94,Chargers,524,322,61.5,6.8,3375,36,13,94.3,178,34.0,46,5,60,30,2003
95,Steelers,484,294,60.7,6.7,3042,20,14,82.4,155,32.0,43,10,61,35,2003
96,Cardinals,497,311,62.6,7.4,3589,29,13,93.7,184,37.0,45,7,68,21,2003
97,Eagles,559,337,60.3,6.2,3236,17,13,78.7,171,30.6,38,6,60,38,2003
98,Jets,455,281,61.8,7.1,3025,14,11,83.4,168,36.9,46,5,59,35,2003
99,Giants,519,309,59.5,7.1,3412,25,10,89.5,178,34.3,59,3,64,45,2003
100,Saints,485,264,54.4,6.5,2993,20,14,76.3,165,34.0,38,2,79,32,2003
101,Patriots,618,328,53.1,5.6,3232,11,29,56.2,177,28.6,37,5,67,41,2003
102,Vikings,531,311,58.6,7.0,3477,17,28,68.8,186,35.0,54,5,51,37,2003
103,Dolphins,529,319,60.3,6.8,3335,12,22,70.8,171,32.3,39,9,82,44,2003
104,Raiders,467,286,61.2,7.6,3394,21,14,87.3,159,34.0,52,16,65,25,2003
105,Rams,510,296,58.0,6.6,3072,23,24,73.3,164,32.2,43,6,77,42,2003
106,Chiefs,565,332,58.8,6.4,3363,19,25,70.5,184,32.6,48,5,77,36,2003
107,Jaguars,510,303,59.4,6.6,3251,23,15,82.0,172,33.7,38,6,75,24,2003
108,Colts,445,277,62.2,6.8,2809,18,15,81.8,138,31.0,31,8,74,31,2003
109,Texans,502,297,59.2,7.6,3712,22,14,86.2,179,35.7,55,10,84,19,2003
110,Titans,546,332,60.8,7.0,3606,20,21,78.2,167,30.6,43,11,86,38,2003
111,Packers,589,326,55.3,6.1,3400,18,21,69.0,172,29.2,48,8,68,34,2003
112,Lions,522,331,63.4,7.2,3578,26,15,89.6,166,31.8,42,7,73,28,2003
113,Broncos,495,265,53.5,6.2,2828,17,9,76.2,141,28.5,41,11,66,36,2003
114,Cowboys,492,239,48.6,5.7,2631,18,13,67.6,127,25.8,40,9,76,32,2003
115,Browns,502,297,59.2,6.1,2846,13,15,72.9,160,31.9,27,4,55,35,2003
116,Bengals,508,297,58.5,7.1,3402,23,14,83.9,177,34.8,42,9,73,30,2003
117,Bears,525,326,62.1,6.1,3082,20,15,79.9,156,29.7,32,1,51,18,2003
118,Panthers,522,299,57.3,6.2,3003,19,16,74.8,161,30.8,42,5,65,40,2003
119,Bills,508,285,56.1,5.8,2707,18,10,76.5,153,30.1,26,6,77,38,2003
120,Redskins,515,294,57.1,6.3,2977,17,18,72.2,153,29.7,34,7,80,40,2004
121,Buccaneers,436,247,56.7,6.5,2579,21,16,77.2,131,30.0,38,7,79,45,2004
122,Seahawks,559,340,60.8,6.8,3590,24,23,78.3,191,34.2,43,5,63,36,2004
123,49ers,490,308,62.9,7.5,3486,27,9,96.5,179,36.5,55,7,60,29,2004
124,Chargers,607,372,61.3,6.9,4053,19,23,76.6,200,32.9,56,6,50,29,2004
125,Steelers,484,269,55.6,6.3,2835,14,19,68.0,146,30.2,33,8,58,41,2004
126,Cardinals,505,271,53.7,6.5,3036,18,15,73.2,153,30.3,39,4,75,38,2004
127,Eagles,550,334,60.7,6.3,3212,16,17,75.8,165,30.0,45,6,52,47,2004
128,Jets,497,289,58.1,7.1,3312,21,19,78.3,169,34.0,48,7,65,37,2004
129,Giants,467,292,62.5,7.0,3030,28,14,90.9,170,36.4,44,5,53,40,2004
130,Saints,545,324,59.4,7.5,3888,24,13,87.7,193,35.4,65,5,59,37,2004
131,Patriots,538,315,58.6,6.9,3400,18,20,75.3,177,32.9,44,13,65,45,2004
132,Vikings,544,338,62.1,7.6,3896,30,11,95.5,220,40.4,52,7,62,39,2004
133,Dolphins,434,244,56.2,6.5,2592,20,15,76.9,139,32.0,38,7,69,36,2004
134,Raiders,510,315,61.8,8.1,3924,30,9,99.4,210,41.2,58,7,85,25,2004
135,Rams,492,292,59.3,6.9,3174,24,6,91.6,172,35.0,37,9,71,34,2004
136,Chiefs,522,312,59.8,8.5,4203,32,13,97.5,190,36.4,72,22,65,41,2004
137,Jaguars,497,306,61.6,7.2,3357,18,16,82.0,181,36.4,40,5,54,37,2004
138,Colts,557,364,65.4,7.6,3892,26,19,89.5,209,37.5,53,8,79,45,2004
139,Texans,530,344,64.9,7.1,3615,32,22,88.7,194,36.6,39,7,80,24,2004
140,Titans,524,333,63.5,7.7,3807,29,18,91.2,189,36.1,53,13,62,32,2004
141,Packers,518,314,60.6,7.6,3663,33,8,99.1,181,34.9,60,12,68,40,2004
142,Lions,535,328,61.3,7.0,3514,29,14,89.4,167,31.2,45,8,82,38,2004
143,Broncos,484,272,56.2,6.6,2947,17,12,78.0,130,26.9,41,13,71,38,2004
144,Cowboys,502,310,61.8,7.4,3521,31,13,94.2,180,35.9,41,12,76,33,2004
145,Browns,460,277,60.2,6.7,2901,17,15,79.0,144,31.3,31,10,72,32,2004
146,Bengals,520,313,60.2,6.8,3303,23,20,79.5,158,30.4,44,8,99,37,2004
147,Bears,515,287,55.7,6.8,3340,23,17,78.1,165,32.0,49,11,69,35,2004
148,Panthers,513,303,59.1,7.2,3478,18,26,72.0,177,34.5,51,7,75,34,2004
149,Bills,486,261,53.7,6.1,2624,20,24,65.2,150,30.9,37,9,51,45,2004
150,Redskins,535,291,54.4,6.2,3081,15,16,70.1,158,29.5,44,8,70,35,2005
151,Buccaneers,476,275,57.8,6.6,2929,15,17,73.5,148,31.1,41,7,62,36,2005
152,Seahawks,571,331,58.0,6.8,3559,18,16,77.4,194,34.0,46,6,63,50,2005
153,49ers,576,374,64.9,8.0,4427,28,16,94.2,205,35.6,61,14,78,28,2005
154,Chargers,567,338,59.6,6.9,3599,20,10,84.7,189,33.3,46,5,56,46,2005
155,Steelers,549,315,57.4,6.3,3168,15,15,74.0,179,32.6,38,8,80,47,2005
156,Cardinals,488,301,61.7,6.8,3097,17,15,80.6,158,32.4,38,6,65,37,2005
157,Eagles,503,297,59.0,7.0,3323,24,17,82.2,171,34.0,38,10,61,29,2005
158,Jets,463,284,61.3,6.4,2755,17,21,73.1,151,32.6,33,2,50,30,2005
159,Giants,580,329,56.7,6.6,3584,20,17,76.3,189,32.6,54,5,72,41,2005
160,Saints,418,241,57.7,7.2,2849,20,10,86.2,145,34.7,48,11,68,25,2005
161,Patriots,527,296,56.2,7.4,3703,25,10,87.8,179,34.0,56,14,85,33,2005
162,Vikings,533,319,59.8,6.6,3332,23,24,75.2,177,33.2,36,11,70,34,2005
163,Dolphins,549,323,58.8,6.7,3307,23,14,82.4,183,33.3,42,9,60,49,2005
164,Raiders,486,296,60.9,7.2,3243,18,5,90.7,165,34.0,38,7,78,36,2005
165,Rams,507,314,61.9,7.1,3424,26,13,89.8,178,35.1,47,5,52,41,2005
166,Chiefs,559,325,58.1,6.9,3679,25,16,82.3,189,33.8,46,6,78,29,2005
167,Jaguars,482,285,59.1,6.7,2946,22,19,78.0,158,32.8,36,8,83,47,2005
168,Colts,509,343,67.4,6.8,3151,17,18,83.0,163,32.0,36,5,68,46,2005
169,Texans,469,304,64.8,7.9,3521,24,7,100.0,188,40.1,49,10,56,37,2005
170,Titans,470,296,63.0,7.4,3216,33,9,100.7,180,38.3,43,7,63,41,2005
171,Packers,430,252,58.6,6.7,2680,22,10,86.2,143,33.3,36,6,80,35,2005
172,Lions,487,295,60.6,6.8,3118,19,19,77.6,166,34.1,35,10,80,31,2005
173,Broncos,613,344,56.1,6.3,3643,20,20,72.2,183,29.9,40,7,91,28,2005
174,Cowboys,495,271,54.7,6.7,3083,18,15,75.1,150,30.3,41,9,89,37,2005
175,Browns,471,279,59.2,6.4,2867,19,15,78.2,161,34.2,37,6,51,23,2005
176,Bengals,519,324,62.4,7.2,3569,21,31,72.8,185,35.6,42,6,68,28,2005
177,Bears,550,313,56.9,5.7,2872,10,24,61.2,153,27.8,29,7,56,41,2005
178,Panthers,528,305,57.8,6.3,3057,15,23,68.0,160,30.3,32,10,86,45,2005
179,Bills,503,314,62.4,7.1,3291,19,17,82.1,169,33.6,48,7,57,38,2005
180,Redskins,486,289,59.5,7.4,3491,30,6,97.8,169,34.8,55,15,84,19,2006
181,Buccaneers,493,301,61.1,7.1,3354,26,11,91.0,174,35.3,38,8,52,25,2006
182,Seahawks,504,299,59.3,7.0,3256,23,12,86.1,160,31.7,38,11,71,41,2006
183,49ers,518,331,63.9,7.4,3571,25,14,90.9,189,36.5,45,7,74,34,2006
184,Chargers,538,307,57.1,6.6,3212,19,16,76.6,178,33.1,45,8,74,61,2006
185,Steelers,529,319,60.3,6.8,3393,21,20,78.3,176,33.3,44,8,66,39,2006
186,Cardinals,522,321,61.5,7.5,3694,21,16,85.4,186,35.6,54,11,78,38,2006
187,Eagles,525,309,58.9,6.4,3067,17,19,73.6,154,29.3,41,8,75,40,2006
188,Jets,532,316,59.4,6.5,3222,19,16,78.0,181,34.0,39,5,77,35,2006
189,Giants,567,333,58.7,6.8,3649,21,17,79.0,189,33.3,51,5,53,32,2006
190,Saints,474,267,56.3,6.6,2854,26,11,85.1,148,31.2,38,16,60,38,2006
191,Patriots,518,294,56.8,6.7,3203,10,22,66.1,164,31.7,48,9,83,44,2006
192,Vikings,599,355,59.3,6.7,3818,15,21,73.1,192,32.1,53,7,82,30,2006
193,Dolphins,497,279,56.1,6.6,3007,22,8,84.4,166,33.4,44,5,87,47,2006
194,Raiders,410,245,59.8,6.4,2413,17,18,74.1,137,33.4,32,5,58,34,2006
195,Rams,451,266,59.0,7.2,3035,21,17,81.1,164,36.4,41,8,72,34,2006
196,Chiefs,506,314,62.1,7.0,3334,18,15,82.3,171,33.8,45,8,87,32,2006
197,Jaguars,523,294,56.2,6.3,3078,12,20,66.8,143,27.3,40,7,68,35,2006
198,Colts,415,266,64.1,6.5,2548,16,15,80.4,150,36.1,27,2,46,25,2006
199,Texans,505,328,65.0,7.2,3444,22,11,91.6,174,34.5,42,5,83,28,2006
200,Titans,530,335,63.2,7.1,3602,24,17,86.0,181,34.2,44,11,68,26,2006
201,Packers,515,286,55.5,7.1,3309,25,23,75.4,169,32.8,53,13,75,46,2006
202,Lions,511,339,66.3,7.3,3520,22,12,92.3,183,35.8,45,9,75,30,2006
203,Broncos,538,327,60.8,6.7,3410,13,17,75.6,183,34.0,39,5,63,35,2006
204,Cowboys,511,301,58.9,7.3,3506,25,18,83.2,179,35.0,43,14,87,34,2006
205,Browns,499,283,56.7,6.8,3242,20,18,75.9,178,35.7,39,6,77,28,2006
206,Bengals,555,349,62.9,7.3,3818,24,19,84.9,206,37.1,49,6,75,35,2006
207,Bears,581,328,56.5,5.8,3116,18,24,66.5,159,27.4,37,4,64,40,2006
208,Panthers,500,291,58.2,6.5,3000,22,14,80.8,149,29.8,41,8,86,41,2006
209,Bills,513,324,63.2,6.4,3019,18,13,82.5,168,32.7,39,2,62,40,2006
210,Redskins,602,351,58.3,6.0,3424,20,14,77.1,174,28.9,36,7,60,33,2007
211,Buccaneers,490,297,60.6,6.0,2728,18,16,76.2,158,32.2,24,7,58,33,2007
212,Seahawks,568,333,58.6,6.7,3505,15,20,73.0,183,32.2,47,8,79,45,2007
213,49ers,543,345,63.5,7.0,3643,24,12,89.9,187,34.4,51,7,65,31,2007
214,Chargers,555,338,60.9,6.6,3412,20,30,70.0,185,33.3,37,5,57,42,2007
215,Steelers,536,292,54.5,5.7,2824,22,11,76.5,158,29.5,32,4,63,36,2007
216,Cardinals,570,361,63.3,6.9,3716,26,18,85.8,185,32.5,47,6,74,36,2007
217,Eagles,539,312,57.9,6.9,3449,16,11,80.3,177,32.8,45,12,91,37,2007
218,Jets,470,289,61.5,7.2,3154,18,15,82.6,174,37.0,34,8,85,29,2007
219,Giants,523,306,58.5,7.0,3317,24,15,83.4,185,35.4,47,11,65,53,2007
220,Saints,524,327,62.4,7.9,3924,32,13,96.9,196,37.4,54,15,80,32,2007
221,Patriots,526,314,59.7,6.4,3041,23,19,78.1,172,32.7,32,5,73,47,2007
222,Vikings,646,415,64.2,7.0,4225,22,15,86.3,222,34.4,47,6,81,38,2007
223,Dolphins,409,242,59.2,7.8,3019,28,14,92.4,165,40.3,39,9,70,30,2007
224,Raiders,439,261,59.5,7.6,3132,17,18,78.9,156,35.5,46,9,80,27,2007
225,Rams,523,318,60.8,7.4,3613,25,18,85.0,190,36.3,47,5,83,31,2007
226,Chiefs,462,276,59.7,7.1,3022,17,14,81.0,156,33.8,40,9,77,37,2007
227,Jaguars,543,319,58.7,6.7,3416,20,20,76.1,181,33.3,49,6,58,37,2007
228,Colts,498,325,65.3,5.9,2764,16,22,73.3,162,32.5,20,4,55,28,2007
229,Texans,546,361,66.1,7.1,3682,25,11,93.6,197,36.1,46,7,74,31,2007
230,Titans,569,349,61.3,6.0,3187,21,22,74.5,165,29.0,36,8,69,40,2007
231,Packers,534,295,55.2,6.7,3366,23,19,75.6,176,33.0,46,6,50,36,2007
232,Lions,602,422,70.1,7.3,4131,32,17,96.8,221,36.7,39,7,68,37,2007
233,Broncos,458,279,60.9,7.2,3094,25,14,88.3,168,36.7,41,7,82,33,2007
234,Cowboys,581,342,58.9,6.4,3409,19,19,75.1,195,33.6,35,7,69,46,2007
235,Browns,578,340,58.8,6.7,3681,29,17,83.4,211,36.5,50,3,42,28,2007
236,Bengals,540,353,65.4,7.1,3687,29,19,89.2,200,37.0,38,7,73,22,2007
237,Bears,541,343,63.4,7.3,3708,19,16,84.7,185,34.2,43,9,71,41,2007
238,Panthers,537,337,62.8,6.7,3426,22,14,85.1,174,32.4,36,8,69,23,2007
239,Bills,567,354,62.4,7.0,3814,19,18,81.1,203,35.8,55,7,59,26,2007
240,Ravens,490,293,59.8,7.6,3557,27,17,87.6,162,33.1,53,15,78,32,2007
241,Falcons,536,336,62.7,7.1,3655,27,16,88.2,190,35.4,48,5,60,25,2007
242,Redskins,511,290,56.8,6.3,3095,16,13,75.6,159,31.1,37,8,79,24,2008
243,Buccaneers,475,276,58.1,6.7,2997,23,22,75.3,153,32.2,39,6,84,29,2008
244,Seahawks,566,366,64.7,7.7,4149,25,9,96.0,207,36.6,59,11,63,35,2008
245,49ers,545,331,60.7,6.7,3507,22,12,85.0,170,31.2,33,12,81,30,2008
246,Chargers,605,411,67.9,6.8,3958,25,15,90.3,213,35.2,37,4,71,28,2008
247,Steelers,533,301,56.5,5.4,2511,12,20,63.4,149,28.0,23,2,65,51,2008
248,Cardinals,517,323,62.5,7.2,3540,36,13,96.9,172,33.3,40,10,87,31,2008
249,Eagles,525,284,54.1,6.1,2913,19,15,72.9,144,27.4,47,8,90,48,2008
250,Jets,572,368,64.3,7.0,3752,23,14,88.1,209,36.5,41,5,60,41,2008
251,Giants,503,296,58.8,6.8,3139,17,17,76.7,165,32.8,40,8,70,42,2008
252,Saints,526,299,56.8,7.0,3547,21,15,80.3,180,34.2,53,5,67,28,2008
253,Patriots,474,288,60.8,7.3,3222,27,14,89.8,176,37.1,38,12,78,31,2008
254,Vikings,530,324,61.1,7.1,3449,15,12,82.5,163,30.8,49,8,75,45,2008
255,Dolphins,551,320,58.1,7.0,3644,18,18,77.0,173,31.4,49,9,79,40,2008
256,Raiders,471,266,56.5,7.2,3220,20,16,79.3,166,35.2,43,9,72,32,2008
257,Rams,444,278,62.6,8.3,3475,20,12,92.5,158,35.6,51,11,90,30,2008
258,Chiefs,522,348,66.7,7.3,3748,21,13,91.1,195,37.4,43,7,70,10,2008
259,Jaguars,465,297,63.9,8.1,3586,25,13,95.4,166,35.7,55,17,56,29,2008
260,Colts,481,329,68.4,6.7,3009,6,15,78.0,165,34.3,33,3,61,30,2008
261,Texans,471,294,62.4,7.6,3423,24,12,92.3,167,35.5,49,11,96,25,2008
262,Titans,575,342,59.5,6.0,3196,12,20,69.2,166,28.9,39,6,65,44,2008
263,Packers,518,287,55.4,6.5,3244,22,22,71.9,141,27.2,41,11,70,27,2008
264,Lions,443,303,68.4,8.8,3716,25,4,110.9,188,42.4,48,12,86,30,2008
265,Broncos,495,333,67.3,7.7,3656,20,6,98.5,186,37.6,41,6,74,26,2008
266,Cowboys,508,308,60.6,6.6,3003,19,8,86.2,163,32.1,37,7,60,59,2008
267,Browns,446,286,64.1,7.5,3273,19,23,79.7,176,39.5,46,3,93,17,2008
268,Bengals,506,315,62.3,6.7,3287,23,12,87.3,169,33.4,33,7,70,17,2008
269,Bears,622,383,61.6,6.6,3859,21,22,77.2,208,33.4,40,3,99,28,2008
270,Panthers,557,333,59.8,6.5,3387,19,12,81.4,178,32.0,43,8,69,37,2008
271,Bills,492,301,61.2,7.0,3271,14,10,83.2,167,33.9,39,7,84,24,2008
272,Ravens,528,276,52.3,5.9,2875,17,26,60.6,152,28.8,41,6,67,34,2008
273,Falcons,549,325,59.2,6.9,3526,20,10,84.6,189,34.4,48,5,56,34,2008
274,Redskins,511,314,61.4,7.0,3316,19,11,85.7,176,34.4,41,10,75,40,2009
275,Buccaneers,482,301,62.4,7.2,3318,28,19,87.2,171,35.5,36,11,80,28,2009
276,Seahawks,568,374,65.8,7.2,3927,27,13,93.4,204,35.9,47,4,64,28,2009
277,49ers,580,352,60.7,6.8,3670,14,18,76.2,176,30.3,47,9,90,44,2009
278,Chargers,534,326,61.0,6.7,3348,23,14,84.2,177,33.1,34,7,84,35,2009
279,Steelers,548,319,58.2,6.9,3447,22,12,83.4,186,33.9,46,9,83,47,2009
280,Cardinals,593,346,58.3,6.7,3739,22,21,76.4,188,31.7,50,10,72,43,2009
281,Eagles,580,354,61.0,6.5,3462,27,25,77.6,179,30.9,46,6,86,44,2009
282,Jets,501,259,51.7,5.4,2459,8,17,58.8,128,25.5,31,3,59,32,2009
283,Giants,498,314,63.1,7.4,3425,31,13,95.1,182,36.5,51,10,60,32,2009
284,Saints,574,330,57.5,6.9,3769,15,26,68.6,175,30.5,48,11,71,35,2009
285,Patriots,512,300,58.6,7.0,3355,25,18,81.7,193,37.7,42,5,75,31,2009
286,Vikings,535,341,63.7,7.1,3494,26,11,92.5,183,34.2,52,9,63,48,2009
287,Dolphins,489,281,57.5,8.2,3754,23,15,86.9,184,37.6,57,17,81,44,2009
288,Raiders,438,259,59.1,8.1,3303,16,8,89.5,158,36.1,56,16,63,37,2009
289,Rams,491,315,64.2,8.0,3764,22,8,96.9,182,37.1,56,13,73,25,2009
290,Chiefs,509,302,59.3,7.6,3707,25,15,87.1,178,35.0,44,16,64,22,2009
291,Jaguars,510,345,67.6,7.6,3774,28,15,96.0,191,37.5,48,7,98,14,2009
292,Colts,583,372,63.8,6.2,3403,19,16,80.6,203,34.8,27,6,63,34,2009
293,Texans,548,344,62.8,6.7,3487,19,14,83.2,175,31.9,39,7,69,30,2009
294,Titans,604,404,66.9,7.2,4139,31,20,91.2,210,34.8,61,9,72,32,2009
295,Packers,540,294,54.4,6.4,3218,29,30,68.8,168,31.1,49,9,68,37,2009
296,Lions,545,371,68.1,8.1,4249,35,9,107.0,213,39.1,54,17,68,26,2009
297,Broncos,510,298,58.4,6.3,2981,18,17,75.0,167,32.7,40,4,53,39,2009
298,Cowboys,572,344,60.1,6.8,3606,19,11,83.5,186,32.5,45,5,74,42,2009
299,Browns,526,313,59.5,7.9,3915,22,10,90.6,189,35.9,62,13,75,40,2009
300,Bengals,547,318,58.1,6.4,3249,18,19,73.6,165,30.2,41,6,87,34,2009
301,Bears,531,341,64.2,6.9,3382,29,13,92.3,186,35.0,41,4,50,35,2009
302,Panthers,495,305,61.6,6.6,3056,14,22,71.7,155,31.3,37,6,63,31,2009
303,Bills,519,295,56.8,6.0,2948,14,28,61.1,157,30.3,34,5,52,32,2009
304,Ravens,524,306,58.4,6.7,3316,17,22,71.9,164,31.3,48,8,81,32,2009
305,Falcons,536,335,62.5,7.5,3871,25,15,89.5,197,36.8,55,11,65,28,2009
306,Redskins,578,367,63.5,7.5,4187,23,14,89.6,207,35.8,57,10,92,29,2010
307,Buccaneers,521,307,58.9,6.4,3216,23,19,77.6,171,32.8,37,9,65,26,2010
308,Seahawks,585,339,57.9,7.2,3994,31,12,89.7,206,35.2,60,11,69,37,2010
309,49ers,550,358,65.1,7.2,3697,25,15,90.0,188,34.2,48,11,71,36,2010
310,Chargers,488,285,58.4,6.4,2845,18,16,76.2,153,31.4,36,5,71,47,2010
311,Steelers,593,363,61.2,6.3,3425,15,21,73.1,182,30.7,35,7,67,48,2010
312,Cardinals,533,324,60.8,7.3,3654,22,17,83.5,178,33.4,55,7,70,33,2010
313,Eagles,536,309,57.6,7.0,3469,31,23,80.8,185,34.5,54,9,80,39,2010
314,Jets,531,269,50.7,6.5,3210,24,12,77.1,169,31.8,48,5,50,40,2010
315,Giants,539,308,57.1,6.8,3352,24,16,80.5,159,29.5,44,10,87,46,2010
316,Saints,494,306,61.9,6.8,3103,13,9,83.2,150,30.4,42,7,68,33,2010
317,Patriots,611,388,63.5,7.1,4136,25,25,81.2,226,37.0,55,4,66,36,2010
318,Vikings,529,333,62.9,6.7,3367,25,15,86.4,178,33.6,39,7,67,31,2010
319,Dolphins,502,288,57.4,7.1,3348,22,11,85.0,166,33.1,50,11,86,39,2010
320,Raiders,470,249,53.0,7.1,3027,29,12,85.6,150,31.9,51,7,57,47,2010
321,Rams,570,328,57.5,6.8,3578,21,14,80.4,191,33.5,51,5,65,43,2010
322,Chiefs,581,319,54.9,6.5,3519,23,14,78.1,186,32.0,44,10,87,39,2010
323,Jaguars,506,329,65.0,8.3,4004,28,13,98.5,197,38.9,58,13,67,26,2010
324,Colts,535,356,66.5,6.8,3433,22,10,91.7,190,35.5,40,4,61,30,2010
325,Texans,547,354,64.7,8.2,4280,33,13,100.5,211,38.6,56,18,73,30,2010
326,Titans,625,410,65.6,6.9,4032,23,17,86.4,214,34.2,45,10,75,40,2010
327,Packers,527,296,56.2,6.5,3107,16,24,67.2,163,30.9,44,8,85,47,2010
328,Lions,518,330,63.7,7.3,3498,23,14,89.2,187,36.1,43,9,89,44,2010
329,Broncos,502,297,59.2,7.8,3780,26,10,93.0,184,36.7,62,12,73,23,2010
330,Cowboys,540,348,64.4,7.7,3894,33,20,92.8,200,37.0,57,13,91,35,2010
331,Browns,507,309,60.9,7.3,3531,26,19,84.8,195,38.5,49,8,78,29,2010
332,Bengals,514,326,63.4,7.1,3469,21,16,85.2,170,33.1,47,10,54,27,2010
333,Bears,582,363,62.4,6.6,3588,14,21,74.4,183,31.4,44,5,59,34,2010
334,Panthers,526,326,62.0,6.9,3393,19,17,81.0,176,33.5,45,7,56,31,2010
335,Bills,473,294,62.2,6.9,3072,28,11,92.6,179,37.8,38,4,52,27,2010
336,Ravens,596,349,58.6,6.4,3599,22,19,76.4,187,31.4,52,5,88,27,2010
337,Falcons,560,364,65.0,6.9,3625,23,22,82.2,183,32.7,38,6,83,31,2010
338,Redskins,509,308,60.5,7.5,3553,22,13,87.4,180,35.4,58,9,73,41,2011
339,Buccaneers,481,301,62.6,8.2,3814,30,14,97.2,188,39.1,50,12,91,23,2011
340,Seahawks,543,324,59.7,6.9,3518,18,22,74.8,174,32.0,43,10,68,33,2011
341,49ers,579,333,57.5,6.9,3695,20,23,73.6,190,32.8,48,12,77,42,2011
342,Chargers,478,299,62.6,7.9,3591,29,17,92.5,186,38.9,53,10,78,32,2011
343,Steelers,530,289,54.5,5.6,2751,15,11,71.7,156,29.4,34,2,73,35,2011
344,Cardinals,578,340,58.8,6.9,3696,17,10,82.5,174,30.1,58,7,95,42,2011
345,Eagles,518,301,58.1,7.2,3397,27,15,85.7,173,33.4,53,13,74,50,2011
346,Jets,507,275,54.2,6.7,3216,15,19,69.6,167,32.9,43,10,99,35,2011
347,Giants,589,361,61.3,7.5,4082,28,20,86.1,210,35.7,60,7,74,48,2011
348,Saints,626,362,57.8,7.0,4157,24,9,86.4,196,31.3,49,14,72,33,2011
349,Patriots,619,386,62.4,8.0,4703,26,23,86.1,245,39.6,79,9,58,40,2011
350,Vikings,538,367,68.2,8.1,4019,34,8,107.6,213,39.6,55,13,79,50,2011
351,Dolphins,590,350,59.3,7.2,3992,24,16,83.7,198,33.6,63,10,99,41,2011
352,Raiders,601,324,53.9,7.1,4023,31,18,81.3,206,34.3,58,11,81,39,2011
353,Rams,484,293,60.5,7.4,3301,21,12,87.3,166,34.3,49,12,93,39,2011
354,Chiefs,454,257,56.6,7.5,3221,23,20,79.1,169,37.2,55,8,67,29,2011
355,Jaguars,513,326,63.5,6.9,3341,21,17,83.7,175,34.1,43,7,80,31,2011
356,Colts,493,351,71.2,7.8,3632,25,8,103.9,193,39.1,45,6,81,29,2011
357,Texans,538,279,51.9,6.2,3035,18,17,69.0,166,30.9,45,6,56,44,2011
358,Titans,591,369,62.4,6.4,3629,21,11,85.1,187,31.6,54,4,78,28,2011
359,Packers,637,390,61.2,7.8,4796,29,31,80.6,246,38.6,71,10,72,29,2011
360,Lions,604,376,62.3,6.8,3831,26,21,82.1,195,32.3,46,9,80,41,2011
361,Broncos,534,333,62.4,7.5,3704,24,9,93.1,182,34.1,46,13,84,41,2011
362,Cowboys,545,336,61.7,7.6,3906,24,15,88.4,199,36.5,57,9,74,42,2011
363,Browns,469,265,56.5,6.7,2959,16,9,80.6,149,31.8,43,8,80,32,2011
364,Bengals,539,319,59.2,6.8,3385,21,10,85.0,170,31.5,47,7,74,45,2011
365,Bears,631,383,60.7,6.8,4065,22,20,79.3,199,31.5,49,9,79,33,2011
366,Panthers,490,318,64.9,8.4,3949,28,14,98.3,191,39.0,52,11,84,31,2011
367,Bills,507,321,63.3,7.7,3714,30,20,90.4,196,38.7,48,11,65,29,2011
368,Ravens,535,288,53.8,6.4,3140,11,15,68.8,166,31.0,46,8,66,48,2011
369,Falcons,560,340,60.7,7.2,3786,25,19,83.3,186,33.2,56,12,70,33,2011
370,Redskins,636,393,61.8,7.4,4511,31,21,87.0,223,35.1,58,11,85,32,2012
371,Buccaneers,627,410,65.4,7.9,4758,30,18,93.5,226,36.0,69,11,80,27,2012
372,Seahawks,564,327,58.0,6.2,3250,15,18,71.8,186,33.0,40,5,56,36,2012
373,49ers,567,337,59.4,6.1,3203,19,14,78.0,178,31.4,38,7,53,38,2012
374,Chargers,568,347,61.1,6.9,3681,28,14,87.9,201,35.4,45,11,55,38,2012
375,Steelers,523,299,57.2,6.0,2963,19,10,79.0,169,32.3,31,2,71,37,2012
376,Cardinals,497,270,54.3,6.9,3213,20,22,71.2,160,32.2,48,8,80,38,2012
377,Eagles,485,292,60.2,7.6,3470,33,8,99.6,178,36.7,52,11,63,30,2012
378,Jets,494,266,53.8,6.5,3036,20,11,78.2,161,32.6,42,4,83,30,2012
379,Giants,534,341,63.9,8.1,4068,26,21,88.7,196,36.7,60,13,62,33,2012
380,Saints,602,370,61.5,8.1,4681,31,15,93.8,236,39.2,66,14,95,30,2012
381,Patriots,594,369,62.1,7.7,4342,27,20,86.9,207,34.8,74,8,68,37,2012
382,Vikings,612,391,63.9,6.8,3908,28,10,92.3,229,37.4,44,5,73,44,2012
383,Dolphins,600,353,58.8,7.0,3974,18,10,83.4,215,35.8,60,6,66,42,2012
384,Raiders,526,347,66.0,7.5,3775,28,11,97.5,180,34.2,56,12,64,25,2012
385,Rams,547,362,66.2,7.2,3602,16,17,83.9,197,36.0,36,7,68,52,2012
386,Chiefs,464,279,60.1,8.0,3533,29,7,99.9,176,37.9,51,10,62,27,2012
387,Jaguars,535,341,63.7,7.4,3832,21,12,89.8,194,36.3,48,8,59,20,2012
388,Colts,535,334,62.4,7.4,3788,23,12,90.1,190,35.5,44,9,80,32,2012
389,Texans,581,308,53.0,6.7,3612,29,15,80.0,167,28.7,54,11,81,44,2012
390,Titans,564,374,66.3,7.5,3964,31,19,92.7,210,37.2,55,7,82,39,2012
391,Packers,568,313,55.1,6.7,3492,24,18,76.8,191,33.6,50,7,80,47,2012
392,Lions,544,346,63.6,7.0,3569,26,11,91.7,167,30.7,42,13,71,34,2012
393,Broncos,559,321,57.4,6.4,3194,25,16,79.4,183,32.7,39,9,61,52,2012
394,Cowboys,511,320,62.6,7.6,3684,22,7,94.7,195,38.2,52,9,68,34,2012
395,Browns,600,378,63.0,6.9,3923,27,17,86.6,203,33.8,43,8,64,38,2012
396,Bengals,560,346,61.8,6.7,3400,16,14,80.7,183,32.7,51,5,71,51,2012
397,Bears,592,350,59.1,6.3,3423,19,24,71.3,186,31.4,47,4,62,41,2012
398,Panthers,555,371,66.8,6.9,3568,22,11,91.7,195,35.1,38,5,60,39,2012
399,Bills,536,306,57.1,6.8,3473,25,12,84.4,182,34.0,45,7,53,36,2012
400,Ravens,557,335,60.1,7.0,3650,15,13,80.6,187,33.6,49,8,59,37,2012
401,Falcons,551,337,61.2,7.4,3878,14,20,77.1,189,34.3,53,6,77,29,2012
402,Redskins,514,337,65.6,8.0,3896,29,16,96.1,204,39.7,58,7,57,36,2013
403,Buccaneers,547,352,64.4,7.4,3806,30,21,88.9,190,34.7,46,10,80,35,2013
404,Seahawks,524,309,59.0,5.8,2752,16,28,63.4,156,29.8,30,3,73,44,2013
405,49ers,585,345,59.0,6.5,3536,19,18,76.4,181,30.9,43,9,75,38,2013
406,Chargers,548,364,66.4,8.0,4139,23,11,96.4,208,38.0,58,10,74,35,2013
407,Steelers,569,329,57.8,6.6,3553,21,10,82.7,174,30.6,46,12,81,34,2013
408,Cardinals,625,367,58.7,6.5,3728,29,20,80.3,208,33.3,48,5,72,47,2013
409,Eagles,670,408,60.9,7.3,4636,25,19,84.0,239,35.7,62,9,66,37,2013
410,Jets,586,345,58.9,7.1,3947,26,13,86.5,198,33.8,55,15,77,41,2013
411,Giants,601,361,60.1,6.3,3573,21,17,78.3,198,32.9,41,5,56,34,2013
412,Saints,507,304,60.0,6.8,3105,20,12,83.6,168,33.1,40,10,60,49,2013
413,Patriots,589,336,57.0,7.0,3824,25,17,81.0,208,35.3,55,9,80,48,2013
414,Vikings,648,419,64.7,7.5,4595,37,12,98.6,247,38.1,57,9,80,41,2013
415,Dolphins,580,344,59.3,6.9,3752,17,18,77.3,192,33.1,53,10,67,42,2013
416,Raiders,549,374,68.1,7.9,4092,33,9,105.1,202,36.8,55,11,71,38,2013
417,Rams,521,355,68.1,8.1,3874,21,14,94.7,203,39.0,51,11,81,53,2013
418,Chiefs,592,334,56.4,7.2,3962,25,21,78.5,189,31.9,63,16,77,47,2013
419,Jaguars,551,354,64.2,7.6,3962,29,11,96.5,200,36.3,65,8,95,31,2013
420,Colts,536,324,60.4,7.4,3711,21,15,84.6,191,35.6,51,8,81,42,2013
421,Texans,484,287,59.3,6.8,3123,29,7,93.9,158,32.6,37,10,64,32,2013
422,Titans,545,344,63.1,7.0,3612,15,13,83.3,191,35.0,49,3,55,36,2013
423,Packers,539,332,61.6,7.8,3956,30,11,95.9,190,35.3,61,8,67,44,2013
424,Lions,572,338,59.1,7.3,3950,24,15,85.0,197,34.4,52,14,85,33,2013
425,Broncos,613,357,58.2,7.1,4070,29,17,84.5,208,33.9,61,8,82,41,2013
426,Cowboys,623,403,64.7,7.8,4589,33,15,96.0,231,37.1,71,8,87,34,2013
427,Browns,605,363,60.0,6.2,3538,29,14,84.1,197,32.6,41,5,50,40,2013
428,Bengals,614,362,59.0,5.9,3344,22,20,74.2,178,29.0,36,9,74,43,2013
429,Bears,507,315,62.1,7.7,3730,25,19,86.9,184,36.3,59,7,48,31,2013
430,Panthers,563,375,66.6,6.8,3429,17,20,81.4,178,31.6,48,8,73,60,2013
431,Bills,561,310,55.3,6.5,3271,28,23,74.9,170,30.3,47,14,74,57,2013
432,Ravens,552,314,56.9,7.1,3681,25,16,82.2,176,31.9,50,17,79,40,2013
433,Falcons,516,341,66.1,8.0,3897,31,10,102.4,196,38.0,52,17,67,32,2013
434,Redskins,519,345,66.5,8.2,3990,35,7,108.3,195,37.6,56,12,79,36,2014
435,Buccaneers,563,387,68.7,7.6,4084,28,14,97.4,223,39.6,48,5,56,36,2014
436,Seahawks,507,313,61.7,6.3,2970,17,13,80.4,175,34.5,32,6,60,37,2014
437,49ers,551,324,58.8,6.8,3531,29,23,79.5,188,34.1,49,8,63,36,2014
438,Chargers,524,320,61.1,6.9,3427,24,7,91.3,168,32.1,47,5,77,26,2014
439,Steelers,543,350,64.5,7.8,4049,30,11,98.3,193,35.5,50,15,81,33,2014
440,Cardinals,579,365,63.0,7.6,4152,22,18,86.0,195,33.7,62,14,86,35,2014
441,Eagles,591,345,58.4,7.8,4238,30,12,91.6,211,35.7,72,18,81,49,2014
442,Jets,538,345,64.1,7.5,3746,31,6,101.5,194,36.1,45,14,87,45,2014
443,Giants,522,324,62.1,8.0,3850,25,17,89.4,187,35.8,62,13,74,47,2014
444,Saints,546,341,62.5,7.7,4019,26,12,92.9,205,37.5,54,10,73,34,2014
445,Patriots,574,342,59.6,7.2,3837,24,16,84.0,196,34.1,62,8,50,40,2014
446,Vikings,534,353,66.1,7.1,3572,26,13,92.8,189,35.4,44,10,66,41,2014
447,Dolphins,537,338,62.9,7.0,3557,27,14,89.7,194,36.1,47,7,74,39,2014
448,Raiders,538,343,63.8,7.4,3810,29,9,96.9,190,35.3,59,6,70,22,2014
449,Rams,540,368,68.1,7.6,3861,18,13,91.8,189,35.0,44,8,80,40,2014
450,Chiefs,545,318,58.3,6.4,3252,22,6,86.4,184,33.8,41,7,48,46,2014
451,Jaguars,541,355,65.6,7.7,3899,24,6,99.1,200,37.0,60,7,73,45,2014
452,Colts,543,320,58.9,7.2,3669,27,12,88.7,175,32.2,54,11,63,41,2014
453,Texans,619,363,58.6,6.7,3890,28,20,80.4,206,33.3,50,12,80,38,2014
454,Titans,545,347,63.7,7.3,3773,28,12,93.6,211,38.7,47,9,80,39,2014
455,Packers,564,333,59.0,6.9,3623,26,18,82.0,196,34.8,50,8,79,41,2014
456,Lions,592,383,64.7,6.8,3706,23,20,83.0,209,35.3,47,6,50,42,2014
457,Broncos,641,399,62.2,6.0,3607,29,18,82.4,219,34.2,41,4,81,41,2014
458,Cowboys,558,371,66.5,7.5,4031,22,18,88.5,195,34.9,45,14,72,28,2014
459,Browns,587,335,57.1,6.4,3592,22,21,74.1,184,31.3,55,7,75,31,2014
460,Bengals,608,365,60.0,6.6,3888,18,20,75.8,197,32.4,48,6,94,20,2014
461,Bears,548,366,66.8,8.1,4230,34,14,101.7,227,41.4,65,13,73,39,2014
462,Panthers,562,364,64.8,7.0,3645,25,14,89.5,193,34.3,46,5,81,40,2014
463,Bills,559,337,60.3,6.4,3292,16,19,74.5,171,30.6,36,8,56,54,2014
464,Ravens,595,382,64.2,7.3,3979,22,11,90.6,205,34.5,54,10,77,49,2014
465,Falcons,566,359,63.4,8.2,4478,20,16,88.9,224,39.6,56,14,76,22,2014
466,Redskins,566,354,62.5,7.8,4128,30,11,96.1,202,35.7,58,12,62,38,2015
467,Buccaneers,540,378,70.0,7.5,3840,31,11,102.5,208,38.5,45,5,60,38,2015
468,Seahawks,548,333,60.8,6.6,3364,14,14,78.1,175,31.9,49,5,69,37,2015
469,49ers,549,375,68.3,8.0,4179,21,9,98.1,199,36.2,58,13,66,28,2015
470,Chargers,510,328,64.3,7.9,3786,22,11,93.8,170,33.3,54,12,72,32,2015
471,Steelers,625,402,64.3,7.5,4350,29,17,90.9,231,37.0,52,12,80,48,2015
472,Cardinals,573,343,59.9,6.9,3687,24,19,80.9,177,30.9,56,14,88,36,2015
473,Eagles,633,394,62.2,7.1,4273,36,15,92.8,239,37.8,55,9,59,37,2015
474,Jets,601,343,57.1,6.7,3763,25,18,79.0,185,30.8,59,11,72,39,2015
475,Giants,638,423,66.3,7.7,4783,31,15,95.9,236,37.0,62,11,76,23,2015
476,Saints,544,372,68.4,8.7,4544,45,9,116.2,223,41.0,64,17,90,31,2015
477,Patriots,596,361,60.6,7.1,3851,24,12,87.0,204,34.2,57,9,87,49,2015
478,Vikings,561,359,64.0,7.2,3759,24,13,90.0,189,33.7,47,10,72,43,2015
479,Dolphins,542,350,64.6,7.8,4000,31,13,97.4,203,37.5,53,13,84,31,2015
480,Raiders,641,404,63.0,6.8,4140,25,14,86.8,206,32.1,56,7,59,38,2015
481,Rams,597,399,66.8,7.2,4065,21,13,90.4,192,32.2,51,8,87,41,2015
482,Chiefs,607,349,57.5,6.6,3698,25,22,76.0,193,31.8,46,9,55,47,2015
483,Jaguars,602,390,64.8,7.5,4291,29,9,97.2,222,36.9,54,10,71,36,2015
484,Colts,585,354,60.5,7.5,4114,29,17,88.0,210,35.9,64,12,80,35,2015
485,Texans,553,326,59.0,6.6,3366,24,14,82.8,173,31.3,48,12,55,45,2015
486,Titans,502,319,63.5,7.9,3678,34,11,101.3,192,38.2,47,12,69,39,2015
487,Packers,551,321,58.3,7.1,3642,20,16,80.1,183,33.2,46,14,68,43,2015
488,Lions,528,360,68.2,7.7,3786,27,9,100.9,191,36.2,59,11,61,43,2015
489,Broncos,573,344,60.0,6.2,3193,19,14,78.8,162,28.3,41,5,80,52,2015
490,Cowboys,506,330,65.2,7.6,3632,19,8,94.2,172,34.0,54,10,80,31,2015
491,Browns,511,322,63.0,8.2,4012,34,11,101.8,186,36.4,52,16,75,29,2015
492,Bengals,646,415,64.2,6.6,3976,18,21,78.9,202,31.3,39,6,64,42,2015
493,Bears,512,322,62.9,7.5,3593,31,8,99.3,182,35.5,52,10,71,35,2015
494,Panthers,650,390,60.0,6.2,3752,21,24,73.5,198,30.5,53,10,70,44,2015
495,Bills,602,347,57.6,6.8,3972,30,17,83.3,197,32.7,59,11,77,21,2015
496,Ravens,545,350,64.2,7.3,3737,30,6,99.6,189,34.7,51,10,80,37,2015
497,Falcons,561,370,66.0,7.1,3882,19,15,86.9,197,35.1,50,5,74,19,2015
498,Redskins,589,387,65.7,7.4,4130,22,13,91.1,225,38.2,53,8,54,38,2016
499,Buccaneers,548,347,63.3,7.7,4012,24,17,88.8,203,37.0,58,16,68,38,2016
500,Seahawks,537,331,61.6,7.2,3612,16,11,85.0,180,33.5,51,9,80,42,2016
501,49ers,521,322,61.8,7.7,3848,30,10,96.9,187,35.9,59,12,78,33,2016
502,Chargers,580,364,62.8,7.3,3987,21,18,83.8,204,35.2,53,8,64,35,2016
503,Steelers,590,381,64.6,7.0,3882,20,13,87.3,184,31.2,40,10,95,38,2016
504,Cardinals,547,344,62.9,6.8,3365,21,14,85.1,175,32.0,47,8,71,48,2016
505,Eagles,553,333,60.2,7.3,3832,25,16,85.7,177,32.0,57,13,80,34,2016
506,Jets,545,347,63.7,7.5,3898,30,8,98.5,203,37.2,52,13,84,27,2016
507,Giants,630,369,58.6,6.8,4018,15,17,75.8,191,30.3,59,12,71,35,2016
508,Saints,582,378,64.9,7.9,4380,27,9,98.1,230,39.5,48,9,66,30,2016
509,Patriots,596,368,61.7,6.8,3806,21,13,84.4,190,31.9,53,5,66,34,2016
510,Vikings,548,332,60.6,6.6,3327,22,14,83.0,186,33.9,41,5,67,41,2016
511,Dolphins,591,368,62.3,6.9,3875,30,16,88.5,199,33.7,48,9,77,33,2016
512,Raiders,541,328,60.6,7.9,4120,27,16,89.8,188,34.8,61,16,98,25,2016
513,Rams,582,378,64.9,6.7,3732,32,10,95.5,194,33.3,41,6,64,31,2016
514,Chiefs,598,350,58.5,6.9,3958,23,18,79.8,209,34.9,47,7,76,28,2016
515,Jaguars,551,345,62.6,6.6,3444,20,7,88.5,174,31.6,40,12,64,33,2016
516,Colts,582,378,64.9,7.6,4200,27,8,97.5,225,38.7,55,8,49,33,2016
517,Texans,522,319,61.1,6.6,3226,20,11,84.3,157,30.1,38,6,86,31,2016
518,Titans,635,388,61.1,7.2,4307,25,12,88.3,227,35.7,56,12,58,40,2016
519,Packers,571,370,64.8,8.1,4308,32,17,95.9,227,39.8,58,11,73,40,2016
520,Lions,549,399,72.7,7.5,3975,33,10,106.5,206,37.5,50,6,64,26,2016
521,Broncos,552,306,55.4,5.8,2972,13,14,69.7,169,30.6,32,4,80,42,2016
522,Cowboys,633,425,67.1,6.9,4167,25,9,94.1,226,35.7,45,7,67,36,2016
523,Browns,543,347,63.9,7.7,3996,36,10,101.8,220,40.5,52,12,63,26,2016
524,Bengals,593,374,63.1,6.7,3800,22,17,83.1,196,33.1,46,7,74,33,2016
525,Bears,530,342,64.5,7.2,3598,22,8,93.5,188,35.5,50,8,60,37,2016
526,Panthers,612,409,66.8,7.5,4291,27,17,92.0,223,36.4,54,11,87,47,2016
527,Bills,511,306,59.9,7.5,3582,19,12,85.9,183,35.8,46,11,66,39,2016
528,Ravens,578,369,63.8,6.8,3724,28,18,86.9,190,32.9,50,8,79,31,2016
529,Falcons,655,422,64.4,6.9,4267,31,12,92.5,232,35.4,53,5,58,34,2016
530,Redskins,531,306,57.6,7.0,3420,23,16,81.0,171,32.2,54,10,75,42,2017
531,Buccaneers,549,371,67.6,7.8,4169,22,13,94.6,202,36.8,57,12,61,22,2017
532,Seahawks,554,325,58.7,6.5,3347,19,14,79.1,181,32.7,44,5,75,39,2017
533,49ers,544,344,63.2,7.2,3764,27,10,93.9,198,36.4,50,10,72,30,2017
534,Chargers,524,329,62.8,6.5,3156,17,18,78.1,153,29.2,37,4,87,43,2017
535,Steelers,499,297,59.5,7.2,3217,20,16,81.8,157,31.5,48,13,75,56,2017
536,Cardinals,564,343,60.8,6.7,3541,24,15,83.9,187,33.2,44,8,72,37,2017
537,Eagles,601,363,60.4,6.5,3637,24,19,79.5,177,29.5,40,10,77,38,2017
538,Jets,558,329,59.0,7.0,3749,30,11,90.1,191,34.2,61,8,79,28,2017
539,Giants,561,347,61.9,7.5,4038,32,13,94.2,189,33.7,54,13,83,27,2017
540,Saints,554,329,59.4,7.0,3597,22,20,79.0,172,31.0,57,8,53,42,2017
541,Patriots,590,367,62.2,7.3,4020,24,12,89.5,204,34.6,49,10,78,42,2017
542,Vikings,555,324,58.4,6.0,3078,13,14,73.0,168,30.3,35,5,52,37,2017
543,Dolphins,528,339,64.2,7.2,3603,26,9,94.8,190,36.0,57,4,69,30,2017
544,Raiders,530,361,68.1,7.6,3858,24,5,101.8,187,35.3,50,13,74,31,2017
545,Rams,555,324,58.4,6.8,3475,21,18,78.4,181,32.6,54,6,65,48,2017
546,Chiefs,570,325,57.0,7.2,3952,23,16,81.5,204,35.8,53,14,69,31,2017
547,Jaguars,509,289,56.8,6.0,2718,17,21,68.5,143,28.1,40,12,74,55,2017
548,Colts,513,320,62.4,8.0,3946,23,13,91.9,192,37.4,64,11,67,25,2017
549,Texans,501,321,64.1,8.0,3799,30,11,99.5,176,35.1,53,17,94,32,2017
550,Titans,605,369,61.0,6.8,3828,27,12,87.8,231,38.2,37,7,80,43,2017
551,Packers,513,348,67.8,7.9,3789,30,11,102.0,211,41.1,55,8,71,37,2017
552,Lions,570,366,64.2,7.2,3892,21,19,84.1,205,36.0,45,8,97,35,2017
553,Broncos,491,294,59.9,6.9,3210,29,10,91.9,166,33.8,47,6,64,33,2017
554,Cowboys,559,371,66.4,6.7,3425,28,10,94.6,181,32.4,43,6,56,38,2017
555,Browns,525,360,68.6,7.4,3684,28,7,102.3,189,36.0,48,7,61,34,2017
556,Bengals,561,336,59.9,6.5,3379,20,11,82.9,173,30.8,45,8,72,41,2017
557,Bears,529,343,64.8,6.9,3376,18,8,89.9,180,34.0,36,8,88,42,2017
558,Panthers,550,351,63.8,7.2,3665,25,10,92.9,187,34.0,49,8,70,50,2017
559,Bills,573,370,64.6,6.7,3688,14,18,78.9,199,34.7,42,3,77,27,2017
560,Ravens,569,333,58.5,6.5,3421,18,22,72.4,179,31.5,48,7,57,41,2017
561,Falcons,553,362,65.5,6.7,3429,22,8,91.9,197,35.6,43,4,54,39,2017
562,Redskins,537,362,67.4,7.6,3794,27,15,95.1,197,36.7,52,9,90,46,2018
563,Buccaneers,534,387,72.5,8.2,4151,34,9,110.9,209,39.1,56,6,75,38,2018
564,Seahawks,546,355,65.0,7.5,3842,26,12,94.3,201,36.8,58,8,75,43,2018
565,49ers,542,344,63.5,7.3,3732,35,2,105.4,195,36.0,49,9,75,37,2018
566,Chargers,548,351,64.1,7.1,3646,23,13,89.1,178,32.5,52,9,82,38,2018
567,Steelers,566,362,64.0,7.1,3697,27,8,95.2,200,35.3,53,7,71,52,2018
568,Cardinals,506,342,67.6,7.1,3262,21,7,96.1,186,36.8,37,5,64,49,2018
569,Eagles,626,417,66.6,7.4,4308,22,10,93.4,215,34.3,60,6,75,44,2018
570,Jets,582,367,63.1,7.5,4065,29,13,93.1,201,34.5,58,11,70,39,2018
571,Giants,560,362,64.6,7.6,4044,24,16,89.8,205,36.6,61,8,79,30,2018
572,Saints,573,384,67.0,8.1,4302,30,12,100.3,224,39.1,57,14,75,49,2018
573,Patriots,605,370,61.2,6.9,3943,29,18,85.4,208,34.4,57,9,75,30,2018
574,Vikings,503,315,62.6,7.0,3140,15,12,83.3,160,31.8,43,10,70,50,2018
575,Dolphins,508,335,65.9,8.2,3932,31,21,94.1,195,38.4,59,11,73,31,2018
576,Raiders,480,299,62.3,8.2,3853,36,14,101.0,178,37.1,59,15,89,13,2018
577,Rams,533,347,65.1,7.7,3780,31,18,93.8,185,34.7,59,14,73,41,2018
578,Chiefs,632,406,64.2,7.5,4374,30,15,92.7,247,39.1,65,8,49,52,2018
579,Jaguars,499,312,62.5,6.7,3113,17,11,84.4,162,32.5,37,6,78,37,2018
580,Colts,542,384,70.8,7.4,3805,21,15,93.5,203,37.5,41,4,80,38,2018
581,Texans,594,385,64.8,7.5,4167,28,15,92.7,200,33.7,55,13,83,43,2018
582,Titans,533,337,63.2,7.0,3471,21,11,88.4,182,34.1,48,7,75,39,2018
583,Packers,527,336,63.8,7.7,3752,30,7,100.9,199,37.8,54,7,75,44,2018
584,Lions,496,323,65.1,7.9,3599,29,7,102.7,191,38.5,50,10,82,43,2018
585,Broncos,549,353,64.3,7.7,3929,26,17,90.7,197,35.9,56,9,97,44,2018
586,Cowboys,542,367,67.7,7.4,3755,22,9,95.7,193,35.6,43,7,53,39,2018
587,Browns,626,393,62.8,7.0,4125,21,17,83.4,216,34.5,51,8,67,37,2018
588,Bengals,584,389,66.6,7.9,4414,32,12,100.0,221,37.8,60,13,72,34,2018
589,Bears,615,377,61.3,6.3,3515,22,27,72.9,186,30.2,39,9,75,50,2018
590,Panthers,529,353,66.7,7.7,3847,32,13,99.6,185,35.0,51,12,75,35,2018
591,Bills,492,313,63.6,6.3,2867,22,16,82.6,157,31.9,36,2,43,36,2018
592,Ravens,577,337,58.4,6.3,3360,21,12,80.6,174,30.2,44,7,64,43,2018
593,Falcons,585,398,68.0,7.5,4153,33,15,98.3,226,38.6,46,7,58,37,2018
594,Redskins,540,371,68.7,7.6,3823,35,13,102.5,200,37.0,56,9,53,46,2019
595,Buccaneers,664,408,61.4,7.0,4322,30,12,90.0,222,33.4,57,14,75,47,2019
596,Seahawks,598,383,64.0,7.4,4223,19,16,85.6,224,37.5,53,6,58,28,2019
597,49ers,519,318,61.3,5.9,2707,23,12,83.0,150,28.9,34,5,88,48,2019
598,Chargers,464,328,70.7,7.3,3204,21,11,96.7,156,33.6,41,6,70,30,2019
599,Steelers,514,314,61.1,6.7,3113,23,20,79.7,164,31.9,43,6,58,54,2019
600,Cardinals,601,421,70.0,8.0,4510,38,7,109.9,243,40.4,72,7,57,40,2019
601,Eagles,571,348,60.9,7.2,3865,27,11,90.8,185,32.4,49,15,75,43,2019
602,Jets,585,363,62.1,6.8,3779,25,12,88.0,187,32.0,51,7,89,35,2019
603,Giants,556,369,66.4,8.0,4225,30,10,101.4,211,37.9,67,15,62,36,2019
604,Saints,603,371,61.5,7.0,3868,27,13,88.3,197,32.7,54,13,75,51,2019
605,Patriots,536,303,56.5,6.0,2886,13,25,62.8,150,28.0,42,5,64,47,2019
606,Vikings,601,394,65.6,6.8,3737,23,17,86.1,215,35.8,47,7,60,48,2019
607,Dolphins,545,344,63.1,8.0,4198,39,13,101.9,214,39.3,68,6,83,23,2019
608,Raiders,526,337,64.1,8.3,4107,33,9,103.8,201,38.2,68,16,91,32,2019
609,Rams,562,348,61.9,7.0,3625,23,13,86.8,194,34.5,40,6,67,50,2019
610,Chiefs,582,352,60.5,6.7,3543,21,16,80.8,190,32.6,46,7,69,45,2019
611,Jaguars,517,327,63.2,7.9,3778,22,10,93.9,193,37.3,60,12,84,47,2019
612,Colts,562,394,70.1,7.5,3982,29,15,98.0,207,36.8,50,9,61,41,2019
613,Texans,586,375,64.0,7.7,4276,33,12,97.6,220,37.5,58,12,65,31,2019
614,Titans,598,386,64.5,7.3,4080,25,14,90.4,213,35.6,55,8,63,43,2019
615,Packers,546,326,59.7,7.4,3721,19,17,81.1,191,35.0,56,15,66,41,2019
616,Lions,611,381,62.4,7.8,4551,33,7,99.6,232,38.0,72,10,66,28,2019
617,Broncos,537,348,64.8,7.1,3609,19,10,89.8,175,32.6,46,11,75,40,2019
618,Cowboys,569,370,65.0,6.8,3576,21,7,91.9,188,33.0,55,5,92,39,2019
619,Browns,513,318,62.0,7.3,3470,25,14,89.0,184,35.9,48,8,75,38,2019
620,Bengals,499,308,61.7,8.3,3917,25,11,95.4,183,36.7,70,12,79,31,2019
621,Bears,571,362,63.4,6.6,3554,17,10,85.2,190,33.3,40,7,75,32,2019
622,Panthers,544,347,63.8,7.3,3696,21,14,88.0,197,36.2,53,7,93,53,2019
623,Bills,553,348,62.9,6.2,3123,15,14,78.8,169,30.6,34,4,61,44,2019
624,Ravens,544,318,58.5,6.6,3315,15,13,77.5,163,30.0,47,9,83,37,2019
625,Falcons,536,351,65.5,7.7,3918,28,12,96.9,192,35.8,56,9,71,28,2019
626,Football ,529,330,62.4,6.4,3068,21,16,81.4,161,30.4,36,11,56,47,2020
627,Buccaneers,617,426,69.0,7.0,3945,29,15,94.3,215,34.8,46,7,75,48,2020
628,Seahawks,674,450,66.8,7.1,4560,23,14,90.2,253,37.5,55,9,52,46,2020
629,49ers,537,341,63.5,6.6,3327,25,12,88.6,176,32.8,44,9,70,30,2020
630,Chargers,543,340,62.6,6.8,3578,29,12,91.4,186,34.3,44,10,54,27,2020
631,Steelers,526,298,56.7,6.6,3110,22,18,76.7,163,31.0,45,7,73,56,2020
632,Cardinals,570,365,64.0,6.9,3623,26,11,91.5,207,36.3,48,5,76,48,2020
633,Eagles,530,364,68.7,7.8,3798,27,8,102.4,209,39.4,50,12,69,49,2020
634,Jets,605,418,69.1,7.6,4409,34,10,103.2,235,38.8,50,9,54,31,2020
635,Giants,574,388,67.6,7.2,3807,22,11,93.2,215,37.5,43,6,68,40,2020
636,Saints,557,333,59.8,6.7,3472,28,18,83.3,185,33.2,49,9,74,45,2020
637,Patriots,494,333,67.4,7.5,3557,22,18,89.3,187,37.9,48,8,54,24,2020
638,Vikings,541,358,66.2,7.9,4141,30,15,97.0,208,38.4,63,12,61,23,2020
639,Dolphins,545,343,62.9,8.0,4024,21,18,87.0,193,35.4,57,12,85,41,2020
640,Raiders,580,370,63.8,7.5,4212,28,10,95.3,223,38.4,50,7,92,21,2020
641,Rams,548,347,63.3,6.2,3051,17,14,80.4,170,31.0,36,4,59,53,2020
642,Chiefs,557,349,62.7,7.1,3779,29,16,89.4,202,36.3,54,9,72,32,2020
643,Jaguars,533,370,69.4,8.1,4231,34,12,105.6,210,39.4,52,9,78,18,2020
644,Colts,562,369,65.7,7.3,3866,24,15,90.5,203,36.1,53,6,73,40,2020
645,Texans,541,377,69.7,8.0,4104,30,3,109.6,222,41.0,52,11,73,34,2020
646,Titans,630,423,67.1,7.3,4439,36,15,97.5,247,39.2,55,8,75,19,2020
647,Packers,536,346,64.6,7.1,3539,23,11,91.1,184,34.3,39,9,53,41,2020
648,Lions,557,383,68.8,8.5,4558,38,7,112.4,253,45.4,66,8,75,24,2020
649,Broncos,567,374,66.0,7.2,3807,21,10,92.1,201,35.4,59,6,84,42,2020
650,Cowboys,513,328,63.9,7.4,3642,34,10,100.4,180,35.1,51,11,81,31,2020
651,Browns,585,371,63.4,7.2,3962,31,11,94.8,214,36.6,49,10,47,38,2020
652,Bengals,541,340,62.8,7.3,3859,32,11,96.1,192,35.5,57,8,55,17,2020
653,Bears,547,350,64.0,7.2,3705,28,10,94.9,190,34.7,50,7,72,35,2020
654,Panthers,585,398,68.0,6.9,3825,28,7,98.4,211,36.1,50,6,50,29,2020
655,Bills,573,369,64.4,6.9,3726,23,15,86.9,199,34.7,44,7,69,38,2020
656,Ravens,596,380,63.8,6.4,3536,22,10,87.2,213,35.7,38,4,50,39,2020
657,Falcons,625,425,68.0,7.9,4697,34,12,101.7,239,38.2,66,9,58,29,2020
658,Football ,597,400,67.0,7.6,4333,34,11,100.8,220,36.9,51,10,72,38,2021
659,Buccaneers,680,445,65.4,6.4,4062,26,17,85.6,214,31.5,55,5,75,47,2021
660,Seahawks,658,443,67.3,7.2,4513,24,11,93.6,240,36.5,49,8,76,34,2021
661,49ers,545,372,68.3,7.1,3510,25,9,97.0,180,33.0,54,11,91,48,2021
662,Chargers,559,357,63.9,7.1,3761,27,11,93.0,199,35.6,53,12,71,35,2021
663,Steelers,563,355,63.1,7.1,3656,24,13,88.7,186,33.0,44,6,62,55,2021
664,Cardinals,561,367,65.4,6.9,3645,30,13,93.5,192,34.2,43,7,64,41,2021
665,Eagles,589,409,69.4,6.8,3756,28,12,95.4,208,35.3,38,7,64,29,2021
666,Jets,587,401,68.3,8.0,4409,28,7,103.2,234,39.9,73,9,65,33,2021
667,Giants,611,402,65.8,6.6,3839,27,15,89.0,216,35.4,42,6,59,34,2021
668,Saints,592,369,62.3,7.0,3821,20,18,81.7,185,31.3,56,11,84,46,2021
669,Patriots,538,319,59.3,6.4,3181,21,23,73.3,176,32.7,38,4,67,36,2021
670,Vikings,626,401,64.1,7.5,4300,29,16,91.4,224,35.8,56,5,77,51,2021
671,Dolphins,608,373,61.3,7.0,3871,23,14,85.4,199,32.7,62,7,64,48,2021
672,Raiders,606,400,66.0,6.6,3789,29,6,96.4,202,33.3,43,10,52,35,2021
673,Rams,625,416,66.6,7.2,4109,17,19,83.8,214,34.2,53,10,63,50,2021
674,Chiefs,610,401,65.7,7.3,4273,27,15,92.0,209,34.3,52,13,72,31,2021
675,Jaguars,543,377,69.4,7.6,3875,24,7,100.8,198,36.5,55,7,55,32,2021
676,Colts,597,390,65.3,7.0,3980,32,19,90.5,213,35.7,43,8,69,33,2021
677,Texans,546,363,66.5,8.0,4117,27,17,94.1,218,39.9,55,12,68,32,2021
678,Titans,628,395,62.9,7.1,4169,24,16,86.4,204,32.5,60,11,68,43,2021
679,Packers,603,379,62.9,6.7,3724,31,18,86.9,194,32.2,44,15,79,39,2021
680,Lions,544,359,66.0,8.0,4160,31,11,101.0,211,38.8,56,11,79,30,2021
681,Broncos,562,341,60.7,6.9,3652,22,13,85.0,192,34.2,48,11,59,36,2021
682,Cowboys,612,364,59.5,7.1,4049,24,26,76.6,191,31.2,62,14,75,41,2021
683,Browns,576,367,63.7,6.4,3439,29,13,89.4,184,31.9,45,5,75,43,2021
684,Bengals,626,420,67.1,7.2,4222,26,13,93.1,213,34.0,65,8,60,42,2021
685,Bears,477,314,65.8,7.6,3257,31,8,103.3,170,35.6,48,12,83,49,2021
686,Panthers,515,337,65.4,6.9,3266,26,9,95.0,170,33.0,46,7,62,39,2021
687,Bills,530,297,56.0,5.7,2771,12,19,65.3,138,26.0,31,6,73,42,2021
688,Ravens,621,397,63.9,8.0,4742,31,9,99.4,232,37.4,74,16,82,34,2021
689,Falcons,577,391,67.8,7.1,3952,31,12,97.4,214,37.1,51,0,38,18,2021
